Station,SN,Operator,Phase,flood_height_angle,flood_global_uniformity,flood_width_angle,flood_local_uniformity
G501_COMBO2_N1,91MBA01772,OP1,FrontFloodUDRCollectHIMAX,31.35,0.1661,55.385,0.0545
G501_COMBO2_N1,91MBA01772,OP1,FrontFloodUDRCollectHIMAX,31.35,0.1686,55.4895,0.0565
G501_COMBO2_N1,91MBA01772,OP1,FrontFloodUDRCollectHIMAX,31.4545,0.1702,55.385,0.0573
G501_COMBO2_N1,91MBA01772,OP2,FrontFloodUDRCollectHIMAX,31.141,0.1697,55.594,0.061
G501_COMBO2_N1,91MBA01772,OP2,FrontFloodUDRCollectHIMAX,31.141,0.1714,55.4895,0.0598
G501_COMBO2_N1,91MBA01772,OP2,FrontFloodUDRCollectHIMAX,31.0365,0.166,55.4895,0.0592
G501_COMBO2_N1,91MBA01772,OP3,FrontFloodUDRCollectHIMAX,31.35,0.1704,55.385,0.0576
G501_COMBO2_N1,91MBA01772,OP3,FrontFloodUDRCollectHIMAX,31.2455,0.1691,55.385,0.0573
G501_COMBO2_N1,91MBA01772,OP3,FrontFloodUDRCollectHIMAX,31.141,0.1713,55.385,0.0561
G501_COMBO2_N1,91MBA01803,OP1,FrontFloodUDRCollectHIMAX,28.7375,0.1659,52.5635,0.0621
G501_COMBO2_N1,91MBA01803,OP1,FrontFloodUDRCollectHIMAX,29.051,0.1653,52.459,0.062
G501_COMBO2_N1,91MBA01803,OP1,FrontFloodUDRCollectHIMAX,28.9465,0.1728,52.3545,0.0634
G501_COMBO2_N1,91MBA01803,OP2,FrontFloodUDRCollectHIMAX,28.215,0.1671,51.832,0.068
G501_COMBO2_N1,91MBA01803,OP2,FrontFloodUDRCollectHIMAX,28.842,0.1709,52.7725,0.0667
G501_COMBO2_N1,91MBA01803,OP2,FrontFloodUDRCollectHIMAX,28.842,0.1695,52.5635,0.0658
G501_COMBO2_N1,91MBA01803,OP3,FrontFloodUDRCollectHIMAX,28.9465,0.1751,52.5635,0.0626
G501_COMBO2_N1,91MBA01803,OP3,FrontFloodUDRCollectHIMAX,28.633,0.1667,52.9815,0.0612
G501_COMBO2_N1,91MBA01803,OP3,FrontFloodUDRCollectHIMAX,28.5285,0.1677,52.5635,0.0617
G501_COMBO2_N1,91MBA01805,OP1,FrontFloodUDRCollectHIMAX,31.4545,0.2065,50.0555,0.0668
G501_COMBO2_N1,91MBA01805,OP1,FrontFloodUDRCollectHIMAX,31.8725,0.2103,50.16,0.0676
G501_COMBO2_N1,91MBA01805,OP1,FrontFloodUDRCollectHIMAX,31.559,0.2022,50.578,0.0664
G501_COMBO2_N1,91MBA01805,OP2,FrontFloodUDRCollectHIMAX,31.35,0.2004,50.0555,0.0663
G501_COMBO2_N1,91MBA01805,OP2,FrontFloodUDRCollectHIMAX,31.4545,0.2007,50.16,0.0653
G501_COMBO2_N1,91MBA01805,OP2,FrontFloodUDRCollectHIMAX,31.559,0.2,50.16,0.0659
G501_COMBO2_N1,91MBA01805,OP3,FrontFloodUDRCollectHIMAX,31.4545,0.2034,50.2645,0.0653
G501_COMBO2_N1,91MBA01805,OP3,FrontFloodUDRCollectHIMAX,31.6635,0.2038,50.2645,0.0672
G501_COMBO2_N1,91MBA01805,OP3,FrontFloodUDRCollectHIMAX,31.8725,0.197,49.951,0.0651
G501_COMBO2_N1,91MBA01816,OP1,FrontFloodUDRCollectHIMAX,31.2455,0.1666,55.2805,0.0611
G501_COMBO2_N1,91MBA01816,OP1,FrontFloodUDRCollectHIMAX,30.4095,0.166,55.176,0.0604
G501_COMBO2_N1,91MBA01816,OP1,FrontFloodUDRCollectHIMAX,30.4095,0.1691,55.2805,0.0616
G501_COMBO2_N1,91MBA01816,OP2,FrontFloodUDRCollectHIMAX,31.6635,0.1691,55.2805,0.0603
G501_COMBO2_N1,91MBA01816,OP2,FrontFloodUDRCollectHIMAX,31.0365,0.1606,55.176,0.059
G501_COMBO2_N1,91MBA01816,OP2,FrontFloodUDRCollectHIMAX,31.0365,0.1623,55.385,0.0582
G501_COMBO2_N1,91MBA01816,OP3,FrontFloodUDRCollectHIMAX,31.8725,0.1646,56.1165,0.0623
G501_COMBO2_N1,91MBA01816,OP3,FrontFloodUDRCollectHIMAX,31.8725,0.1672,56.012,0.0634
G501_COMBO2_N1,91MBA01816,OP3,FrontFloodUDRCollectHIMAX,31.2455,0.1642,55.0715,0.0639
G501_COMBO2_N1,91MBA01824,OP1,FrontFloodUDRCollectHIMAX,29.051,0.183,47.234,0.0634
G501_COMBO2_N1,91MBA01824,OP1,FrontFloodUDRCollectHIMAX,28.9465,0.1782,47.234,0.0632
G501_COMBO2_N1,91MBA01824,OP1,FrontFloodUDRCollectHIMAX,29.26,0.18,47.025,0.0639
G501_COMBO2_N1,91MBA01824,OP2,FrontFloodUDRCollectHIMAX,29.051,0.1788,46.9205,0.066
G501_COMBO2_N1,91MBA01824,OP2,FrontFloodUDRCollectHIMAX,29.1555,0.1806,47.025,0.0653
G501_COMBO2_N1,91MBA01824,OP2,FrontFloodUDRCollectHIMAX,29.26,0.1865,47.9655,0.065
G501_COMBO2_N1,91MBA01824,OP3,FrontFloodUDRCollectHIMAX,29.469,0.1844,48.07,0.0667
G501_COMBO2_N1,91MBA01824,OP3,FrontFloodUDRCollectHIMAX,29.3645,0.1795,47.861,0.0665
G501_COMBO2_N1,91MBA01824,OP3,FrontFloodUDRCollectHIMAX,29.1555,0.1855,47.1295,0.0632
G501_COMBO2_N1,91MBA01828,OP1,FrontFloodUDRCollectHIMAX,29.5735,0.1649,54.131,0.0666
G501_COMBO2_N1,91MBA01828,OP1,FrontFloodUDRCollectHIMAX,29.469,0.1616,54.0265,0.0666
G501_COMBO2_N1,91MBA01828,OP1,FrontFloodUDRCollectHIMAX,29.5735,0.1648,54.131,0.0656
G501_COMBO2_N1,91MBA01828,OP2,FrontFloodUDRCollectHIMAX,29.887,0.1685,54.0265,0.0668
G501_COMBO2_N1,91MBA01828,OP2,FrontFloodUDRCollectHIMAX,29.7825,0.1665,54.2355,0.0665
G501_COMBO2_N1,91MBA01828,OP2,FrontFloodUDRCollectHIMAX,29.7825,0.1686,54.131,0.0667
G501_COMBO2_N1,91MBA01828,OP3,FrontFloodUDRCollectHIMAX,29.7825,0.1682,54.0265,0.0659
G501_COMBO2_N1,91MBA01828,OP3,FrontFloodUDRCollectHIMAX,29.26,0.1618,53.922,0.0682
G501_COMBO2_N1,91MBA01828,OP3,FrontFloodUDRCollectHIMAX,29.3645,0.1636,54.0265,0.0679
G501_COMBO2_N1,91NBA02091,OP1,FrontFloodUDRCollectHIMAX,33.231,0.1993,57.3705,0.0639
G501_COMBO2_N1,91NBA02091,OP1,FrontFloodUDRCollectHIMAX,33.231,0.2014,57.266,0.063
G501_COMBO2_N1,91NBA02091,OP1,FrontFloodUDRCollectHIMAX,33.3355,0.1984,57.475,0.0644
G501_COMBO2_N1,91NBA02091,OP2,FrontFloodUDRCollectHIMAX,33.1265,0.2025,57.057,0.0661
G501_COMBO2_N1,91NBA02091,OP2,FrontFloodUDRCollectHIMAX,33.3355,0.2064,57.5795,0.0686
G501_COMBO2_N1,91NBA02091,OP2,FrontFloodUDRCollectHIMAX,33.3355,0.2032,57.3705,0.0666
G501_COMBO2_N1,91NBA02091,OP3,FrontFloodUDRCollectHIMAX,33.1265,0.2006,57.1615,0.0644
G501_COMBO2_N1,91NBA02091,OP3,FrontFloodUDRCollectHIMAX,33.231,0.1998,57.3705,0.0653
G501_COMBO2_N1,91NBA02091,OP3,FrontFloodUDRCollectHIMAX,33.44,0.2027,57.475,0.0673
G501_COMBO2_N1,91NBA02156,OP1,FrontFloodUDRCollectHIMAX,32.4995,0.196,55.176,0.0624
G501_COMBO2_N1,91NBA02156,OP1,FrontFloodUDRCollectHIMAX,31.977,0.1912,55.2805,0.0606
G501_COMBO2_N1,91NBA02156,OP1,FrontFloodUDRCollectHIMAX,31.768,0.1848,55.0715,0.0589
G501_COMBO2_N1,91NBA02156,OP2,FrontFloodUDRCollectHIMAX,31.141,0.1741,54.2355,0.0625
G501_COMBO2_N1,91NBA02156,OP2,FrontFloodUDRCollectHIMAX,31.35,0.179,54.34,0.0613
G501_COMBO2_N1,91NBA02156,OP2,FrontFloodUDRCollectHIMAX,31.559,0.1778,54.34,0.0592
G501_COMBO2_N1,91NBA02156,OP3,FrontFloodUDRCollectHIMAX,31.768,0.1819,54.34,0.0601
G501_COMBO2_N1,91NBA02156,OP3,FrontFloodUDRCollectHIMAX,31.768,0.1877,54.6535,0.0581
G501_COMBO2_N1,91NBA02156,OP3,FrontFloodUDRCollectHIMAX,32.395,0.1892,55.385,0.0618
G501_COMBO2_N1,91NBA02201,OP1,FrontFloodUDRCollectHIMAX,28.7375,0.1564,51.9365,0.0635
G501_COMBO2_N1,91NBA02201,OP1,FrontFloodUDRCollectHIMAX,29.051,0.1583,52.041,0.0627
G501_COMBO2_N1,91NBA02201,OP1,FrontFloodUDRCollectHIMAX,29.051,0.1578,52.1455,0.0625
G501_COMBO2_N1,91NBA02201,OP2,FrontFloodUDRCollectHIMAX,28.633,0.1609,51.1005,0.0648
G501_COMBO2_N1,91NBA02201,OP2,FrontFloodUDRCollectHIMAX,28.7375,0.1596,51.205,0.0625
G501_COMBO2_N1,91NBA02201,OP2,FrontFloodUDRCollectHIMAX,28.7375,0.1582,50.996,0.0619
G501_COMBO2_N1,91NBA02201,OP3,FrontFloodUDRCollectHIMAX,28.7375,0.1613,51.3095,0.0617
G501_COMBO2_N1,91NBA02201,OP3,FrontFloodUDRCollectHIMAX,28.7375,0.1597,51.7275,0.0623
G501_COMBO2_N1,91NBA02201,OP3,FrontFloodUDRCollectHIMAX,28.842,0.1581,51.9365,0.062
G501_COMBO2_N1,91NBA02219,OP1,FrontFloodUDRCollectHIMAX,28.9465,0.1562,54.758,0.0631
G501_COMBO2_N1,91NBA02219,OP1,FrontFloodUDRCollectHIMAX,29.3645,0.161,54.4445,0.064
G501_COMBO2_N1,91NBA02219,OP1,FrontFloodUDRCollectHIMAX,29.469,0.1594,54.4445,0.0624
G501_COMBO2_N1,91NBA02219,OP2,FrontFloodUDRCollectHIMAX,29.26,0.1659,52.9815,0.0654
G501_COMBO2_N1,91NBA02219,OP2,FrontFloodUDRCollectHIMAX,29.5735,0.1735,54.2355,0.065
G501_COMBO2_N1,91NBA02219,OP2,FrontFloodUDRCollectHIMAX,29.051,0.1661,54.34,0.0644
G501_COMBO2_N1,91NBA02219,OP3,FrontFloodUDRCollectHIMAX,29.5735,0.1682,54.549,0.0626
G501_COMBO2_N1,91NBA02219,OP3,FrontFloodUDRCollectHIMAX,29.469,0.1673,54.549,0.0633
G501_COMBO2_N1,91NBA02219,OP3,FrontFloodUDRCollectHIMAX,29.26,0.1637,54.549,0.0622
