Station,SN,Operator,Phase,defect_singlet,Dark_Shading_Min,defect_couplet,Dark_Shading_Max,Dark_Shading,defect_row,defect_cluster,defect_col
G501_COMBO3_N3,91MBA01772,OP1,FrontDarkUDRCollect,0.0,4.2643,0.0,4.6878,0.4235,0.3795,0.0,0.2335
G501_COMBO3_N3,91MBA01772,OP1,FrontDarkUDRCollect,0.0,4.1041,0.0,4.5525,0.4485,0.5044,0.0,0.2118
G501_COMBO3_N3,91MBA01772,OP1,FrontDarkUDRCollect,0.0,4.1155,0.0,4.5848,0.4693,0.4078,0.0,0.2307
G501_COMBO3_N3,91MBA01772,OP2,FrontDarkUDRCollect,0.0,4.1842,0.0,4.692,0.5078,0.3352,0.0,0.1991
G501_COMBO3_N3,91MBA01772,OP2,FrontDarkUDRCollect,1.0,4.6119,0.0,5.3132,0.7014,0.663,0.0,0.3701
G501_COMBO3_N3,91MBA01772,OP2,FrontDarkUDRCollect,0.0,4.1717,0.0,4.6129,0.4412,0.4401,0.0,0.1911
G501_COMBO3_N3,91MBA01772,OP3,FrontDarkUDRCollect,0.0,4.1842,0.0,4.6212,0.437,0.367,0.0,0.1893
G501_COMBO3_N3,91MBA01772,OP3,FrontDarkUDRCollect,0.0,4.1988,0.0,4.6254,0.4266,0.3828,0.0,0.2434
G501_COMBO3_N3,91MBA01772,OP3,FrontDarkUDRCollect,0.0,4.1738,0.0,4.6254,0.4516,0.344,0.0,0.1995
G501_COMBO3_N3,91MBA01803,OP1,FrontDarkUDRCollect,0.0,4.1415,0.0,4.5276,0.3861,0.3439,0.0,0.2716
G501_COMBO3_N3,91MBA01803,OP1,FrontDarkUDRCollect,0.0,4.0874,0.0,4.4797,0.3923,0.2734,0.0,0.2984
G501_COMBO3_N3,91MBA01803,OP1,FrontDarkUDRCollect,0.0,4.0895,0.0,4.5525,0.4631,0.3513,0.0,0.1737
G501_COMBO3_N3,91MBA01803,OP2,FrontDarkUDRCollect,0.0,4.1217,0.0,4.5578,0.436,0.3263,0.0,0.1854
G501_COMBO3_N3,91MBA01803,OP2,FrontDarkUDRCollect,0.0,4.1374,0.0,4.5598,0.4225,0.3297,0.0,0.2453
G501_COMBO3_N3,91MBA01803,OP2,FrontDarkUDRCollect,0.0,4.1478,0.0,4.5671,0.4194,0.4072,0.0,0.235
G501_COMBO3_N3,91MBA01803,OP3,FrontDarkUDRCollect,0.0,4.1956,0.0,4.6233,0.4277,0.3262,0.0,0.2655
G501_COMBO3_N3,91MBA01803,OP3,FrontDarkUDRCollect,0.0,4.0728,0.0,4.4912,0.4183,0.3762,0.0,0.1954
G501_COMBO3_N3,91MBA01803,OP3,FrontDarkUDRCollect,0.0,4.0801,0.0,4.4818,0.4017,0.3074,0.0,0.2665
G501_COMBO3_N3,91MBA01805,OP1,FrontDarkUDRCollect,0.0,4.0094,0.0,4.4849,0.4755,0.3488,0.0,0.2342
G501_COMBO3_N3,91MBA01805,OP1,FrontDarkUDRCollect,0.0,3.9615,0.0,4.4381,0.4766,0.3583,0.0,0.2792
G501_COMBO3_N3,91MBA01805,OP1,FrontDarkUDRCollect,0.0,4.0437,0.0,4.4953,0.4516,0.2604,0.0,0.2888
G501_COMBO3_N3,91MBA01805,OP2,FrontDarkUDRCollect,0.0,4.0156,0.0,4.4662,0.4506,0.3365,0.0,0.1813
G501_COMBO3_N3,91MBA01805,OP2,FrontDarkUDRCollect,0.0,4.0718,0.0,4.4839,0.4121,0.4121,0.0,0.1951
G501_COMBO3_N3,91MBA01805,OP2,FrontDarkUDRCollect,0.0,3.9761,0.0,4.3684,0.3923,0.341,0.0,0.2207
G501_COMBO3_N3,91MBA01805,OP3,FrontDarkUDRCollect,0.0,4.0604,0.0,4.5088,0.4485,0.3241,0.0,0.2186
G501_COMBO3_N3,91MBA01805,OP3,FrontDarkUDRCollect,0.0,4.0468,0.0,4.5203,0.4735,0.3538,0.0,0.2503
G501_COMBO3_N3,91MBA01805,OP3,FrontDarkUDRCollect,0.0,4.0687,0.0,4.4693,0.4006,0.3328,0.0,0.2023
G501_COMBO3_N3,91MBA01816,OP1,FrontDarkUDRCollect,0.0,4.0219,0.0,4.5099,0.488,0.2975,0.0,0.1824
G501_COMBO3_N3,91MBA01816,OP1,FrontDarkUDRCollect,0.0,4.1186,0.0,4.5931,0.4745,0.4036,0.0,0.2148
G501_COMBO3_N3,91MBA01816,OP1,FrontDarkUDRCollect,0.0,4.1217,0.0,4.5879,0.4662,0.3771,0.0,0.1743
G501_COMBO3_N3,91MBA01816,OP2,FrontDarkUDRCollect,0.0,4.1155,0.0,4.5765,0.461,0.3561,0.0,0.2496
G501_COMBO3_N3,91MBA01816,OP2,FrontDarkUDRCollect,0.0,4.0791,0.0,4.5297,0.4506,0.3927,0.0,0.1797
G501_COMBO3_N3,91MBA01816,OP2,FrontDarkUDRCollect,0.0,3.9896,0.0,4.4984,0.5088,0.3714,0.0,0.1974
G501_COMBO3_N3,91MBA01816,OP3,FrontDarkUDRCollect,0.0,4.155,0.0,4.5765,0.4214,0.3338,0.0,0.2046
G501_COMBO3_N3,91MBA01816,OP3,FrontDarkUDRCollect,0.0,4.1478,0.0,4.6087,0.461,0.3575,0.0,0.2099
G501_COMBO3_N3,91MBA01816,OP3,FrontDarkUDRCollect,0.0,4.103,0.0,4.564,0.461,0.3466,0.0,0.1997
G501_COMBO3_N3,91MBA01824,OP1,FrontDarkUDRCollect,0.0,4.1498,0.0,4.5786,0.4287,0.3073,0.0,0.2339
G501_COMBO3_N3,91MBA01824,OP1,FrontDarkUDRCollect,0.0,4.1061,0.0,4.5182,0.4121,0.3805,0.0,0.1841
G501_COMBO3_N3,91MBA01824,OP1,FrontDarkUDRCollect,0.0,4.0291,0.0,4.4329,0.4037,0.3702,0.0,0.2056
G501_COMBO3_N3,91MBA01824,OP2,FrontDarkUDRCollect,0.0,4.0291,0.0,4.4943,0.4651,0.3617,0.0,0.2005
G501_COMBO3_N3,91MBA01824,OP2,FrontDarkUDRCollect,0.0,4.025,0.0,4.4339,0.4089,0.2935,0.0,0.1896
G501_COMBO3_N3,91MBA01824,OP2,FrontDarkUDRCollect,0.0,4.1259,0.0,4.5317,0.4058,0.3872,0.0,0.1658
G501_COMBO3_N3,91MBA01824,OP3,FrontDarkUDRCollect,0.0,3.9657,0.0,4.3985,0.4329,0.3126,0.0,0.1805
G501_COMBO3_N3,91MBA01824,OP3,FrontDarkUDRCollect,0.0,4.1072,0.0,4.5047,0.3975,0.3295,0.0,0.1848
G501_COMBO3_N3,91MBA01824,OP3,FrontDarkUDRCollect,0.0,4.051,0.0,4.4797,0.4287,0.4065,0.0,0.1948
G501_COMBO3_N3,91MBA01828,OP1,FrontDarkUDRCollect,0.0,3.9979,0.0,4.4599,0.462,0.4016,0.0,0.2155
G501_COMBO3_N3,91MBA01828,OP1,FrontDarkUDRCollect,0.0,4.0312,0.0,4.4714,0.4402,0.4274,0.0,0.194
G501_COMBO3_N3,91MBA01828,OP1,FrontDarkUDRCollect,0.0,4.1113,0.0,4.6046,0.4932,0.449,0.0,0.1732
G501_COMBO3_N3,91MBA01828,OP2,FrontDarkUDRCollect,0.0,4.1124,0.0,4.5682,0.4558,0.4008,0.0,0.1505
G501_COMBO3_N3,91MBA01828,OP2,FrontDarkUDRCollect,0.0,4.0843,0.0,4.5536,0.4693,0.4151,0.0,0.1908
G501_COMBO3_N3,91MBA01828,OP2,FrontDarkUDRCollect,0.0,4.078,0.0,4.5213,0.4433,0.4694,0.0,0.2021
G501_COMBO3_N3,91MBA01828,OP3,FrontDarkUDRCollect,0.0,4.0822,0.0,4.5754,0.4932,0.4949,0.0,0.1922
G501_COMBO3_N3,91MBA01828,OP3,FrontDarkUDRCollect,0.0,4.615,0.0,5.3819,0.7669,0.7182,0.0,0.3297
G501_COMBO3_N3,91MBA01828,OP3,FrontDarkUDRCollect,0.0,4.0978,0.0,4.5557,0.4579,0.5266,0.0,0.1763
G501_COMBO3_N3,91NBA02091,OP1,FrontDarkUDRCollect,0.0,4.0874,0.0,4.4641,0.3767,0.4134,0.0,0.2773
G501_COMBO3_N3,91NBA02091,OP1,FrontDarkUDRCollect,0.0,4.0968,0.0,4.538,0.4412,0.4082,0.0,0.2154
G501_COMBO3_N3,91NBA02091,OP1,FrontDarkUDRCollect,0.0,4.1446,0.0,4.539,0.3944,0.2777,0.0,0.2215
G501_COMBO3_N3,91NBA02091,OP2,FrontDarkUDRCollect,0.0,4.0645,0.0,4.4277,0.3632,0.395,0.0,0.2201
G501_COMBO3_N3,91NBA02091,OP2,FrontDarkUDRCollect,0.0,4.1602,0.0,4.5505,0.3902,0.3998,0.0,0.219
G501_COMBO3_N3,91NBA02091,OP2,FrontDarkUDRCollect,0.0,4.0791,0.0,4.5151,0.436,0.3901,0.0,0.2223
G501_COMBO3_N3,91NBA02091,OP3,FrontDarkUDRCollect,0.0,4.127,0.0,4.5224,0.3954,0.3646,0.0,0.2828
G501_COMBO3_N3,91NBA02091,OP3,FrontDarkUDRCollect,0.0,4.1394,0.0,4.6056,0.4662,0.3209,0.0,0.2078
G501_COMBO3_N3,91NBA02091,OP3,FrontDarkUDRCollect,0.0,4.0635,0.0,4.5702,0.5068,0.3941,0.0,0.212
G501_COMBO3_N3,91NBA02156,OP1,FrontDarkUDRCollect,0.0,4.0583,0.0,4.5213,0.4631,0.3678,0.0,0.1776
G501_COMBO3_N3,91NBA02156,OP1,FrontDarkUDRCollect,0.0,3.9938,0.0,4.4651,0.4714,0.313,0.0,0.1695
G501_COMBO3_N3,91NBA02156,OP1,FrontDarkUDRCollect,0.0,3.999,0.0,4.4662,0.4672,0.3864,0.0,0.1751
G501_COMBO3_N3,91NBA02156,OP2,FrontDarkUDRCollect,0.0,4.0822,0.0,4.5973,0.5151,0.3951,0.0,0.1871
G501_COMBO3_N3,91NBA02156,OP2,FrontDarkUDRCollect,0.0,4.0312,0.0,4.5328,0.5016,0.4086,0.0,0.1475
G501_COMBO3_N3,91NBA02156,OP2,FrontDarkUDRCollect,0.0,4.4048,0.0,5.1509,0.7461,0.6674,0.0,0.3092
G501_COMBO3_N3,91NBA02156,OP3,FrontDarkUDRCollect,0.0,4.0593,0.0,4.4787,0.4194,0.3378,0.0,0.2086
G501_COMBO3_N3,91NBA02156,OP3,FrontDarkUDRCollect,0.0,3.9761,0.0,4.4631,0.487,0.2896,0.0,0.1887
G501_COMBO3_N3,91NBA02156,OP3,FrontDarkUDRCollect,0.0,3.9344,0.0,4.4381,0.5036,0.3019,0.0,0.2251
G501_COMBO3_N3,91NBA02201,OP1,FrontDarkUDRCollect,0.0,4.0989,0.0,4.4964,0.3975,0.3597,0.0,0.1954
G501_COMBO3_N3,91NBA02201,OP1,FrontDarkUDRCollect,0.0,4.0499,0.0,4.5349,0.4849,0.4547,0.0,0.246
G501_COMBO3_N3,91NBA02201,OP1,FrontDarkUDRCollect,0.0,4.0271,0.0,4.4204,0.3933,0.365,0.0,0.2349
G501_COMBO3_N3,91NBA02201,OP2,FrontDarkUDRCollect,0.0,4.0645,0.0,4.4402,0.3757,0.4369,0.0,0.2204
G501_COMBO3_N3,91NBA02201,OP2,FrontDarkUDRCollect,3.0,4.3111,0.0,5.0406,0.7294,0.7213,0.0,0.2831
G501_COMBO3_N3,91NBA02201,OP2,FrontDarkUDRCollect,0.0,3.9688,0.0,4.4121,0.4433,0.3262,0.0,0.2128
G501_COMBO3_N3,91NBA02201,OP3,FrontDarkUDRCollect,0.0,4.0281,0.0,4.462,0.4339,0.4162,0.0,0.2202
G501_COMBO3_N3,91NBA02201,OP3,FrontDarkUDRCollect,0.0,3.9969,0.0,4.462,0.4651,0.3445,0.0,0.1841
G501_COMBO3_N3,91NBA02201,OP3,FrontDarkUDRCollect,0.0,4.103,0.0,4.5245,0.4214,0.3637,0.0,0.2203
G501_COMBO3_N3,91NBA02219,OP1,FrontDarkUDRCollect,0.0,4.2123,0.0,4.6649,0.4527,0.5746,0.0,0.2029
G501_COMBO3_N3,91NBA02219,OP1,FrontDarkUDRCollect,0.0,4.1977,0.0,4.6535,0.4558,0.332,0.0,0.1727
G501_COMBO3_N3,91NBA02219,OP1,FrontDarkUDRCollect,0.0,4.2071,0.0,4.6618,0.4547,0.4264,0.0,0.2307
G501_COMBO3_N3,91NBA02219,OP2,FrontDarkUDRCollect,0.0,4.2903,0.0,4.7045,0.4142,0.401,0.0,0.2171
G501_COMBO3_N3,91NBA02219,OP2,FrontDarkUDRCollect,0.0,4.1238,0.0,4.5734,0.4495,0.4708,0.0,0.1785
G501_COMBO3_N3,91NBA02219,OP2,FrontDarkUDRCollect,0.0,4.1592,0.0,4.64,0.4807,0.4442,0.0,0.2238
G501_COMBO3_N3,91NBA02219,OP3,FrontDarkUDRCollect,0.0,4.1779,0.0,4.6337,0.4558,0.3891,0.0,0.2076
G501_COMBO3_N3,91NBA02219,OP3,FrontDarkUDRCollect,0.0,4.1322,0.0,4.5578,0.4256,0.3808,0.0,0.1724
G501_COMBO3_N3,91NBA02219,OP3,FrontDarkUDRCollect,0.0,4.283,0.0,4.7242,0.4412,0.3624,0.0,0.1902
