Station,SN,Operator,Phase,defect_singlet,Dark_Shading_Min,defect_couplet,Dark_Shading_Max,Dark_Shading,defect_row,defect_cluster,defect_col
G501_COMBO3_N1,91MBA01772,OP1,FrontDarkUDLCollect,0.0,4.3288,0.0,5.6139,1.2851,0.4101,0.0,0.2061
G501_COMBO3_N1,91MBA01772,OP1,FrontDarkUDLCollect,0.0,4.1228,0.0,5.4454,1.3226,0.3592,0.0,0.2197
G501_COMBO3_N1,91MBA01772,OP1,FrontDarkUDLCollect,0.0,4.2133,0.0,5.4901,1.2768,0.3999,0.0,0.2221
G501_COMBO3_N1,91MBA01772,OP2,FrontDarkUDLCollect,0.0,4.2144,0.0,5.5432,1.3288,0.3627,0.0,0.2104
G501_COMBO3_N1,91MBA01772,OP2,FrontDarkUDLCollect,0.0,4.2029,0.0,5.4797,1.2768,0.3499,0.0,0.2232
G501_COMBO3_N1,91MBA01772,OP2,FrontDarkUDLCollect,0.0,4.1217,0.0,5.4568,1.3351,0.3477,0.0,0.1814
G501_COMBO3_N1,91MBA01772,OP3,FrontDarkUDLCollect,0.0,4.1831,0.0,5.461,1.2778,0.3866,0.0,0.2811
G501_COMBO3_N1,91MBA01772,OP3,FrontDarkUDLCollect,0.0,4.1696,0.0,5.5078,1.3382,0.3164,0.0,0.2443
G501_COMBO3_N1,91MBA01772,OP3,FrontDarkUDLCollect,0.0,4.1301,0.0,5.3871,1.257,0.4255,0.0,0.2651
G501_COMBO3_N1,91MBA01803,OP1,FrontDarkUDLCollect,0.0,4.2955,0.0,5.5682,1.2726,0.4431,0.0,0.2053
G501_COMBO3_N1,91MBA01803,OP1,FrontDarkUDLCollect,0.0,4.1904,0.0,5.4714,1.281,0.3277,0.0,0.3582
G501_COMBO3_N1,91MBA01803,OP1,FrontDarkUDLCollect,0.0,4.1915,0.0,5.3642,1.1727,0.3396,0.0,0.2367
G501_COMBO3_N1,91MBA01803,OP2,FrontDarkUDLCollect,0.0,4.2352,0.0,5.4339,1.1988,0.455,0.0,0.2703
G501_COMBO3_N1,91MBA01803,OP2,FrontDarkUDLCollect,0.0,4.3538,0.0,5.5817,1.2279,0.3891,0.0,0.3064
G501_COMBO3_N1,91MBA01803,OP2,FrontDarkUDLCollect,0.0,4.0843,0.0,5.3663,1.282,0.3816,0.0,0.2776
G501_COMBO3_N1,91MBA01803,OP3,FrontDarkUDLCollect,0.0,4.2154,0.0,5.488,1.2726,0.3543,0.0,0.2534
G501_COMBO3_N1,91MBA01803,OP3,FrontDarkUDLCollect,0.0,4.1852,0.0,5.4849,1.2997,0.4855,0.0,0.3159
G501_COMBO3_N1,91MBA01803,OP3,FrontDarkUDLCollect,0.0,4.2445,0.0,5.5421,1.2976,0.4114,0.0,0.2865
G501_COMBO3_N1,91MBA01805,OP1,FrontDarkUDLCollect,0.0,4.0916,0.0,5.4006,1.3091,0.4323,0.0,0.1701
G501_COMBO3_N1,91MBA01805,OP1,FrontDarkUDLCollect,0.0,4.1113,0.0,5.3798,1.2685,0.367,0.0,0.188
G501_COMBO3_N1,91MBA01805,OP1,FrontDarkUDLCollect,0.0,4.1238,0.0,5.512,1.3881,0.3595,0.0,0.1932
G501_COMBO3_N1,91MBA01805,OP2,FrontDarkUDLCollect,0.0,4.1686,0.0,5.5453,1.3767,0.3876,0.0,0.1928
G501_COMBO3_N1,91MBA01805,OP2,FrontDarkUDLCollect,0.0,4.127,0.0,5.4724,1.3455,0.4457,0.0,0.1884
G501_COMBO3_N1,91MBA01805,OP2,FrontDarkUDLCollect,0.0,4.1498,0.0,5.514,1.3642,0.5485,0.0,0.2173
G501_COMBO3_N1,91MBA01805,OP3,FrontDarkUDLCollect,0.0,4.077,0.0,5.3736,1.2966,0.4437,0.0,0.1818
G501_COMBO3_N1,91MBA01805,OP3,FrontDarkUDLCollect,0.0,4.1613,0.0,5.4964,1.3351,0.4078,0.0,0.1785
G501_COMBO3_N1,91MBA01805,OP3,FrontDarkUDLCollect,0.0,4.1384,0.0,5.4995,1.3611,0.4248,0.0,0.1719
G501_COMBO3_N1,91MBA01816,OP1,FrontDarkUDLCollect,0.0,4.2071,0.0,5.5338,1.3267,0.3512,0.0,0.1922
G501_COMBO3_N1,91MBA01816,OP1,FrontDarkUDLCollect,0.0,4.2685,0.0,5.6379,1.3694,0.3665,0.0,0.1887
G501_COMBO3_N1,91MBA01816,OP1,FrontDarkUDLCollect,0.0,4.1571,0.0,5.4984,1.3413,0.341,0.0,0.2206
G501_COMBO3_N1,91MBA01816,OP2,FrontDarkUDLCollect,0.0,4.2206,0.0,5.563,1.3424,0.4669,0.0,0.2052
G501_COMBO3_N1,91MBA01816,OP2,FrontDarkUDLCollect,0.0,4.231,0.0,5.6504,1.4194,0.4021,0.0,0.1741
G501_COMBO3_N1,91MBA01816,OP2,FrontDarkUDLCollect,0.0,4.1623,0.0,5.5546,1.3923,0.3452,0.0,0.1633
G501_COMBO3_N1,91MBA01816,OP3,FrontDarkUDLCollect,0.0,4.2924,0.0,5.6098,1.3174,0.3595,0.0,0.1973
G501_COMBO3_N1,91MBA01816,OP3,FrontDarkUDLCollect,0.0,4.1623,0.0,5.5036,1.3413,0.3802,0.0,0.2076
G501_COMBO3_N1,91MBA01816,OP3,FrontDarkUDLCollect,0.0,4.1967,0.0,5.5598,1.3632,0.3836,0.0,0.1741
G501_COMBO3_N1,91MBA01824,OP1,FrontDarkUDLCollect,0.0,4.0333,0.0,5.3319,1.2986,0.3776,0.0,0.3566
G501_COMBO3_N1,91MBA01824,OP1,FrontDarkUDLCollect,0.0,4.1571,0.0,5.4807,1.3236,0.3098,0.0,0.3171
G501_COMBO3_N1,91MBA01824,OP1,FrontDarkUDLCollect,0.0,4.1561,0.0,5.4246,1.2685,0.3383,0.0,0.2849
G501_COMBO3_N1,91MBA01824,OP2,FrontDarkUDLCollect,0.0,4.102,0.0,5.4037,1.3018,0.2488,0.0,0.2993
G501_COMBO3_N1,91MBA01824,OP2,FrontDarkUDLCollect,0.0,4.1217,0.0,5.4173,1.2955,0.2611,0.0,0.3013
G501_COMBO3_N1,91MBA01824,OP2,FrontDarkUDLCollect,0.0,4.077,0.0,5.3517,1.2747,0.3548,0.0,0.3354
G501_COMBO3_N1,91MBA01824,OP3,FrontDarkUDLCollect,1.0,4.1915,0.0,5.4089,1.2175,0.3929,0.0,0.2456
G501_COMBO3_N1,91MBA01824,OP3,FrontDarkUDLCollect,0.0,4.0978,0.0,5.3444,1.2466,0.3818,0.0,0.2725
G501_COMBO3_N1,91MBA01824,OP3,FrontDarkUDLCollect,0.0,4.0437,0.0,5.3694,1.3257,0.3892,0.0,0.2842
G501_COMBO3_N1,91MBA01828,OP1,FrontDarkUDLCollect,0.0,4.0364,0.0,5.3059,1.2695,0.3374,0.0,0.1661
G501_COMBO3_N1,91MBA01828,OP1,FrontDarkUDLCollect,0.0,3.9854,0.0,5.2581,1.2726,0.3053,0.0,0.2091
G501_COMBO3_N1,91MBA01828,OP1,FrontDarkUDLCollect,0.0,3.9625,0.0,5.1707,1.2081,0.3154,0.0,0.1919
G501_COMBO3_N1,91MBA01828,OP2,FrontDarkUDLCollect,0.0,3.9553,0.0,5.2643,1.3091,0.2631,0.0,0.1771
G501_COMBO3_N1,91MBA01828,OP2,FrontDarkUDLCollect,0.0,3.8783,0.0,5.0843,1.206,0.3506,0.0,0.2047
G501_COMBO3_N1,91MBA01828,OP2,FrontDarkUDLCollect,0.0,4.0083,0.0,5.2466,1.2383,0.3406,0.0,0.196
G501_COMBO3_N1,91MBA01828,OP3,FrontDarkUDLCollect,0.0,3.9834,0.0,5.2196,1.2362,0.3247,0.0,0.1901
G501_COMBO3_N1,91MBA01828,OP3,FrontDarkUDLCollect,0.0,3.9844,0.0,5.1675,1.1831,0.3726,0.0,0.1706
G501_COMBO3_N1,91MBA01828,OP3,FrontDarkUDLCollect,0.0,3.9324,0.0,5.1238,1.1915,0.3404,0.0,0.176
G501_COMBO3_N1,91NBA02091,OP1,FrontDarkUDLCollect,0.0,3.9761,0.0,5.2373,1.2612,0.3616,0.0,0.1849
G501_COMBO3_N1,91NBA02091,OP1,FrontDarkUDLCollect,0.0,3.9209,0.0,5.2331,1.3122,0.3812,0.0,0.1922
G501_COMBO3_N1,91NBA02091,OP1,FrontDarkUDLCollect,0.0,3.9813,0.0,5.2425,1.2612,0.3316,0.0,0.1932
G501_COMBO3_N1,91NBA02091,OP2,FrontDarkUDLCollect,0.0,4.0843,0.0,5.4547,1.3704,0.3118,0.0,0.2328
G501_COMBO3_N1,91NBA02091,OP2,FrontDarkUDLCollect,0.0,4.0031,0.0,5.3122,1.3091,0.4633,0.0,0.1957
G501_COMBO3_N1,91NBA02091,OP2,FrontDarkUDLCollect,0.0,3.9594,0.0,5.2373,1.2778,0.3924,0.0,0.247
G501_COMBO3_N1,91NBA02091,OP3,FrontDarkUDLCollect,0.0,3.9719,0.0,5.2945,1.3226,0.3833,0.0,0.2245
G501_COMBO3_N1,91NBA02091,OP3,FrontDarkUDLCollect,0.0,4.0801,0.0,5.2851,1.205,0.3415,0.0,0.1973
G501_COMBO3_N1,91NBA02091,OP3,FrontDarkUDLCollect,0.0,4.0,0.0,5.23,1.23,0.3563,0.0,0.1816
G501_COMBO3_N1,91NBA02156,OP1,FrontDarkUDLCollect,0.0,4.001,0.0,5.3195,1.3184,0.4104,0.0,0.1956
G501_COMBO3_N1,91NBA02156,OP1,FrontDarkUDLCollect,0.0,3.9677,0.0,5.358,1.3902,0.4036,0.0,0.24
G501_COMBO3_N1,91NBA02156,OP1,FrontDarkUDLCollect,0.0,3.9802,0.0,5.281,1.3007,0.4081,0.0,0.1904
G501_COMBO3_N1,91NBA02156,OP2,FrontDarkUDLCollect,0.0,4.0291,0.0,5.3652,1.3361,0.3013,0.0,0.1682
G501_COMBO3_N1,91NBA02156,OP2,FrontDarkUDLCollect,0.0,3.922,0.0,5.3007,1.3788,0.4107,0.0,0.2044
G501_COMBO3_N1,91NBA02156,OP2,FrontDarkUDLCollect,0.0,3.9365,0.0,5.2789,1.3424,0.3297,0.0,0.2243
G501_COMBO3_N1,91NBA02156,OP3,FrontDarkUDLCollect,0.0,3.948,0.0,5.2539,1.3059,0.3648,0.0,0.1799
G501_COMBO3_N1,91NBA02156,OP3,FrontDarkUDLCollect,0.0,3.9854,0.0,5.2862,1.3007,0.3788,0.0,0.1707
G501_COMBO3_N1,91NBA02156,OP3,FrontDarkUDLCollect,0.0,3.9501,0.0,5.2862,1.3361,0.4729,0.0,0.1892
G501_COMBO3_N1,91NBA02201,OP1,FrontDarkUDLCollect,0.0,3.9813,0.0,5.1467,1.1655,0.3971,0.0,0.2984
G501_COMBO3_N1,91NBA02201,OP1,FrontDarkUDLCollect,0.0,4.0052,0.0,5.2404,1.2352,0.3755,0.0,0.3471
G501_COMBO3_N1,91NBA02201,OP1,FrontDarkUDLCollect,0.0,4.0562,0.0,5.2591,1.2029,0.3864,0.0,0.2751
G501_COMBO3_N1,91NBA02201,OP2,FrontDarkUDLCollect,0.0,4.026,0.0,5.1686,1.1426,0.4279,0.0,0.3656
G501_COMBO3_N1,91NBA02201,OP2,FrontDarkUDLCollect,0.0,4.001,0.0,5.2092,1.2081,0.3532,0.0,0.2687
G501_COMBO3_N1,91NBA02201,OP2,FrontDarkUDLCollect,0.0,4.001,0.0,5.1988,1.1977,0.4547,0.0,0.2818
G501_COMBO3_N1,91NBA02201,OP3,FrontDarkUDLCollect,0.0,4.0687,0.0,5.2934,1.2248,0.3549,0.0,0.3297
G501_COMBO3_N1,91NBA02201,OP3,FrontDarkUDLCollect,0.0,4.0926,0.0,5.3777,1.2851,0.4523,0.0,0.2212
G501_COMBO3_N1,91NBA02201,OP3,FrontDarkUDLCollect,0.0,3.9729,0.0,5.1852,1.2123,0.3559,0.0,0.2616
G501_COMBO3_N1,91NBA02219,OP1,FrontDarkUDLCollect,1.0,4.1311,0.0,5.2903,1.1592,0.4437,0.0,0.2312
G501_COMBO3_N1,91NBA02219,OP1,FrontDarkUDLCollect,0.0,4.1145,0.0,5.4142,1.2997,0.3357,0.0,0.2025
G501_COMBO3_N1,91NBA02219,OP1,FrontDarkUDLCollect,1.0,4.2414,0.0,5.4329,1.1915,0.4375,0.0,0.2266
G501_COMBO3_N1,91NBA02219,OP2,FrontDarkUDLCollect,1.0,4.1186,0.0,5.3382,1.2196,0.4343,0.0,0.2052
G501_COMBO3_N1,91NBA02219,OP2,FrontDarkUDLCollect,1.0,4.0978,0.0,5.2882,1.1904,0.454,0.0,0.2194
G501_COMBO3_N1,91NBA02219,OP2,FrontDarkUDLCollect,1.0,4.2071,0.0,5.2841,1.077,0.4005,0.0,0.2118
G501_COMBO3_N1,91NBA02219,OP3,FrontDarkUDLCollect,1.0,4.1374,0.0,5.3257,1.1883,0.3285,0.0,0.226
G501_COMBO3_N1,91NBA02219,OP3,FrontDarkUDLCollect,1.0,4.2133,0.0,5.4818,1.2685,0.48,0.0,0.1801
G501_COMBO3_N1,91NBA02219,OP3,FrontDarkUDLCollect,1.0,4.1186,0.0,5.2622,1.1436,0.4769,0.0,0.2095
