Station,SN,Operator,Phase,defect_singlet,Dark_Shading_Min,defect_couplet,Dark_Shading_Max,Dark_Shading,defect_row,defect_cluster,defect_col
G501_COMBO3_N3,91MBA01772,OP1,FrontDarkUDLCollect,0.0,4.1561,0.0,4.5796,0.4235,0.4486,0.0,0.2257
G501_COMBO3_N3,91MBA01772,OP1,FrontDarkUDLCollect,0.0,4.1207,0.0,4.512,0.3913,0.4325,0.0,0.2165
G501_COMBO3_N3,91MBA01772,OP1,FrontDarkUDLCollect,0.0,4.1696,0.0,4.6254,0.4558,0.3473,0.0,0.2297
G501_COMBO3_N3,91MBA01772,OP2,FrontDarkUDLCollect,0.0,4.1852,0.0,4.6108,0.4256,0.3796,0.0,0.2574
G501_COMBO3_N3,91MBA01772,OP2,FrontDarkUDLCollect,0.0,4.1582,0.0,4.6056,0.4475,0.325,0.0,0.2113
G501_COMBO3_N3,91MBA01772,OP2,FrontDarkUDLCollect,0.0,4.0884,0.0,4.5921,0.5036,0.4134,0.0,0.212
G501_COMBO3_N3,91MBA01772,OP3,FrontDarkUDLCollect,0.0,4.1311,0.0,4.6233,0.4922,0.3643,0.0,0.2241
G501_COMBO3_N3,91MBA01772,OP3,FrontDarkUDLCollect,0.0,4.1103,0.0,4.5245,0.4142,0.3519,0.0,0.1952
G501_COMBO3_N3,91MBA01772,OP3,FrontDarkUDLCollect,0.0,4.154,0.0,4.5858,0.4318,0.486,0.0,0.2462
G501_COMBO3_N3,91MBA01803,OP1,FrontDarkUDLCollect,0.0,4.204,0.0,4.6701,0.4662,0.4056,0.0,0.2605
G501_COMBO3_N3,91MBA01803,OP1,FrontDarkUDLCollect,0.0,4.2341,0.0,4.6826,0.4485,0.451,0.0,0.2674
G501_COMBO3_N3,91MBA01803,OP1,FrontDarkUDLCollect,0.0,4.1748,0.0,4.6171,0.4422,0.3499,0.0,0.2891
G501_COMBO3_N3,91MBA01803,OP2,FrontDarkUDLCollect,0.0,4.2529,0.0,4.6805,0.4277,0.3382,0.0,0.2629
G501_COMBO3_N3,91MBA01803,OP2,FrontDarkUDLCollect,0.0,4.1707,0.0,4.6327,0.462,0.4682,0.0,0.2362
G501_COMBO3_N3,91MBA01803,OP2,FrontDarkUDLCollect,0.0,4.1582,0.0,4.6535,0.4953,0.4332,0.0,0.2943
G501_COMBO3_N3,91MBA01803,OP3,FrontDarkUDLCollect,0.0,4.2529,0.0,4.6805,0.4277,0.3953,0.0,0.3844
G501_COMBO3_N3,91MBA01803,OP3,FrontDarkUDLCollect,0.0,4.1197,0.0,4.5245,0.4048,0.413,0.0,0.2484
G501_COMBO3_N3,91MBA01803,OP3,FrontDarkUDLCollect,0.0,4.2966,0.0,4.7222,0.4256,0.4182,0.0,0.323
G501_COMBO3_N3,91MBA01805,OP1,FrontDarkUDLCollect,0.0,4.078,0.0,4.4891,0.411,0.4126,0.0,0.2102
G501_COMBO3_N3,91MBA01805,OP1,FrontDarkUDLCollect,0.0,4.1613,0.0,4.5702,0.4089,0.3712,0.0,0.1867
G501_COMBO3_N3,91MBA01805,OP1,FrontDarkUDLCollect,0.0,4.0666,0.0,4.5286,0.462,0.2888,0.0,0.1805
G501_COMBO3_N3,91MBA01805,OP2,FrontDarkUDLCollect,0.0,4.1155,0.0,4.5265,0.411,0.3987,0.0,0.2096
G501_COMBO3_N3,91MBA01805,OP2,FrontDarkUDLCollect,0.0,3.9781,0.0,4.4402,0.462,0.3717,0.0,0.1988
G501_COMBO3_N3,91MBA01805,OP2,FrontDarkUDLCollect,0.0,4.1322,0.0,4.5432,0.411,0.3897,0.0,0.1889
G501_COMBO3_N3,91MBA01805,OP3,FrontDarkUDLCollect,0.0,4.1582,0.0,4.5869,0.4287,0.415,0.0,0.1712
G501_COMBO3_N3,91MBA01805,OP3,FrontDarkUDLCollect,0.0,4.18,0.0,4.564,0.384,0.3086,0.0,0.1859
G501_COMBO3_N3,91MBA01805,OP3,FrontDarkUDLCollect,0.0,4.0957,0.0,4.5224,0.4266,0.3285,0.0,0.1678
G501_COMBO3_N3,91MBA01816,OP1,FrontDarkUDLCollect,0.0,4.2549,0.0,4.6722,0.4173,0.3163,0.0,0.1816
G501_COMBO3_N3,91MBA01816,OP1,FrontDarkUDLCollect,0.0,4.1748,0.0,4.563,0.3881,0.3515,0.0,0.193
G501_COMBO3_N3,91MBA01816,OP1,FrontDarkUDLCollect,0.0,4.2945,0.0,4.718,0.4235,0.3694,0.0,0.2007
G501_COMBO3_N3,91MBA01816,OP2,FrontDarkUDLCollect,0.0,4.2851,0.0,4.7055,0.4204,0.3402,0.0,0.2021
G501_COMBO3_N3,91MBA01816,OP2,FrontDarkUDLCollect,0.0,4.2414,0.0,4.6587,0.4173,0.4467,0.0,0.1935
G501_COMBO3_N3,91MBA01816,OP2,FrontDarkUDLCollect,0.0,4.204,0.0,4.5931,0.3892,0.2741,0.0,0.2039
G501_COMBO3_N3,91MBA01816,OP3,FrontDarkUDLCollect,0.0,4.232,0.0,4.6514,0.4194,0.2915,0.0,0.1807
G501_COMBO3_N3,91MBA01816,OP3,FrontDarkUDLCollect,0.0,4.3559,0.0,4.796,0.4402,0.3553,0.0,0.2411
G501_COMBO3_N3,91MBA01816,OP3,FrontDarkUDLCollect,0.0,4.1925,0.0,4.6108,0.4183,0.2799,0.0,0.1996
G501_COMBO3_N3,91MBA01824,OP1,FrontDarkUDLCollect,0.0,4.1134,0.0,4.5265,0.4131,0.2953,0.0,0.2625
G501_COMBO3_N3,91MBA01824,OP1,FrontDarkUDLCollect,0.0,4.0604,0.0,4.5276,0.4672,0.3643,0.0,0.2805
G501_COMBO3_N3,91MBA01824,OP1,FrontDarkUDLCollect,0.0,4.0198,0.0,4.5068,0.487,0.3969,0.0,0.3339
G501_COMBO3_N3,91MBA01824,OP2,FrontDarkUDLCollect,0.0,4.0697,0.0,4.5692,0.4995,0.3194,0.0,0.3262
G501_COMBO3_N3,91MBA01824,OP2,FrontDarkUDLCollect,0.0,4.0874,0.0,4.539,0.4516,0.3229,0.0,0.29
G501_COMBO3_N3,91MBA01824,OP2,FrontDarkUDLCollect,0.0,4.1145,0.0,4.589,0.4745,0.4048,0.0,0.3026
G501_COMBO3_N3,91MBA01824,OP3,FrontDarkUDLCollect,0.0,4.0687,0.0,4.5026,0.4339,0.3063,0.0,0.2969
G501_COMBO3_N3,91MBA01824,OP3,FrontDarkUDLCollect,0.0,4.0531,0.0,4.5432,0.4901,0.3427,0.0,0.2871
G501_COMBO3_N3,91MBA01824,OP3,FrontDarkUDLCollect,2.0,4.0718,0.0,4.5786,0.5068,0.3857,0.0,0.2719
G501_COMBO3_N3,91MBA01828,OP1,FrontDarkUDLCollect,0.0,3.9282,0.0,4.283,0.3548,0.3186,0.0,0.1887
G501_COMBO3_N3,91MBA01828,OP1,FrontDarkUDLCollect,0.0,3.9875,0.0,4.3798,0.3923,0.2801,0.0,0.1643
G501_COMBO3_N3,91MBA01828,OP1,FrontDarkUDLCollect,0.0,3.9178,0.0,4.2903,0.3725,0.2876,0.0,0.2221
G501_COMBO3_N3,91MBA01828,OP2,FrontDarkUDLCollect,0.0,3.9657,0.0,4.3215,0.3559,0.4483,0.0,0.1919
G501_COMBO3_N3,91MBA01828,OP2,FrontDarkUDLCollect,0.0,4.0125,0.0,4.384,0.3715,0.3097,0.0,0.2155
G501_COMBO3_N3,91MBA01828,OP2,FrontDarkUDLCollect,0.0,3.9355,0.0,4.2966,0.3611,0.3257,0.0,0.2362
G501_COMBO3_N3,91MBA01828,OP3,FrontDarkUDLCollect,0.0,3.9511,0.0,4.3111,0.36,0.3196,0.0,0.1842
G501_COMBO3_N3,91MBA01828,OP3,FrontDarkUDLCollect,0.0,3.9813,0.0,4.3736,0.3923,0.4204,0.0,0.1999
G501_COMBO3_N3,91MBA01828,OP3,FrontDarkUDLCollect,0.0,3.8887,0.0,4.2456,0.3569,0.4016,0.0,0.1892
G501_COMBO3_N3,91NBA02091,OP1,FrontDarkUDLCollect,0.0,3.9865,0.0,4.4298,0.4433,0.3749,0.0,0.2393
G501_COMBO3_N3,91NBA02091,OP1,FrontDarkUDLCollect,0.0,3.948,0.0,4.4142,0.4662,0.3755,0.0,0.2156
G501_COMBO3_N3,91NBA02091,OP1,FrontDarkUDLCollect,0.0,4.0687,0.0,4.539,0.4703,0.3471,0.0,0.2385
G501_COMBO3_N3,91NBA02091,OP2,FrontDarkUDLCollect,0.0,4.0822,0.0,4.5151,0.4329,0.458,0.0,0.1767
G501_COMBO3_N3,91NBA02091,OP2,FrontDarkUDLCollect,0.0,4.0499,0.0,4.512,0.462,0.2623,0.0,0.2148
G501_COMBO3_N3,91NBA02091,OP2,FrontDarkUDLCollect,0.0,3.999,0.0,4.4464,0.4475,0.3552,0.0,0.204
G501_COMBO3_N3,91NBA02091,OP3,FrontDarkUDLCollect,0.0,4.1488,0.0,4.5723,0.4235,0.4021,0.0,0.2272
G501_COMBO3_N3,91NBA02091,OP3,FrontDarkUDLCollect,0.0,4.0499,0.0,4.5234,0.4735,0.3908,0.0,0.2049
G501_COMBO3_N3,91NBA02091,OP3,FrontDarkUDLCollect,0.0,3.9657,0.0,4.3975,0.4318,0.4126,0.0,0.191
G501_COMBO3_N3,91NBA02156,OP1,FrontDarkUDLCollect,0.0,4.0801,0.0,4.5203,0.4402,0.3697,0.0,0.1908
G501_COMBO3_N3,91NBA02156,OP1,FrontDarkUDLCollect,0.0,4.0094,0.0,4.4537,0.4443,0.4053,0.0,0.1977
G501_COMBO3_N3,91NBA02156,OP1,FrontDarkUDLCollect,0.0,4.1061,0.0,4.5151,0.4089,0.4573,0.0,0.1868
G501_COMBO3_N3,91NBA02156,OP2,FrontDarkUDLCollect,0.0,3.9917,0.0,4.4152,0.4235,0.3123,0.0,0.2009
G501_COMBO3_N3,91NBA02156,OP2,FrontDarkUDLCollect,0.0,4.0343,0.0,4.4766,0.4422,0.3603,0.0,0.1875
G501_COMBO3_N3,91NBA02156,OP2,FrontDarkUDLCollect,0.0,4.076,0.0,4.4651,0.3892,0.4834,0.0,0.1934
G501_COMBO3_N3,91NBA02156,OP3,FrontDarkUDLCollect,0.0,3.9459,0.0,4.3923,0.4464,0.437,0.0,0.2133
G501_COMBO3_N3,91NBA02156,OP3,FrontDarkUDLCollect,0.0,4.0114,0.0,4.4849,0.4735,0.3029,0.0,0.2169
G501_COMBO3_N3,91NBA02156,OP3,FrontDarkUDLCollect,0.0,3.9542,0.0,4.3788,0.4246,0.3467,0.0,0.2415
G501_COMBO3_N3,91NBA02201,OP1,FrontDarkUDLCollect,0.0,4.0926,0.0,4.5151,0.4225,0.4556,0.0,0.3214
G501_COMBO3_N3,91NBA02201,OP1,FrontDarkUDLCollect,0.0,4.0447,0.0,4.4745,0.4298,0.368,0.0,0.2598
G501_COMBO3_N3,91NBA02201,OP1,FrontDarkUDLCollect,0.0,4.0614,0.0,4.4755,0.4142,0.3659,0.0,0.2956
G501_COMBO3_N3,91NBA02201,OP2,FrontDarkUDLCollect,0.0,4.0458,0.0,4.4839,0.4381,0.3995,0.0,0.26
G501_COMBO3_N3,91NBA02201,OP2,FrontDarkUDLCollect,0.0,4.0094,0.0,4.4131,0.4037,0.3336,0.0,0.3553
G501_COMBO3_N3,91NBA02201,OP2,FrontDarkUDLCollect,0.0,4.0062,0.0,4.4537,0.4475,0.474,0.0,0.3233
G501_COMBO3_N3,91NBA02201,OP3,FrontDarkUDLCollect,0.0,3.9688,0.0,4.3944,0.4256,0.3397,0.0,0.3382
G501_COMBO3_N3,91NBA02201,OP3,FrontDarkUDLCollect,0.0,3.9553,0.0,4.4058,0.4506,0.316,0.0,0.3328
G501_COMBO3_N3,91NBA02201,OP3,FrontDarkUDLCollect,0.0,3.9802,0.0,4.4693,0.4891,0.4291,0.0,0.2876
G501_COMBO3_N3,91NBA02219,OP1,FrontDarkUDLCollect,1.0,4.2549,0.0,4.6504,0.3954,0.3611,0.0,0.2046
G501_COMBO3_N3,91NBA02219,OP1,FrontDarkUDLCollect,1.0,4.1811,0.0,4.6035,0.4225,0.3991,0.0,0.2064
G501_COMBO3_N3,91NBA02219,OP1,FrontDarkUDLCollect,1.0,4.153,0.0,4.6004,0.4475,0.4633,0.0,0.2332
G501_COMBO3_N3,91NBA02219,OP2,FrontDarkUDLCollect,0.0,4.0978,0.0,4.5099,0.4121,0.4839,0.0,0.2228
G501_COMBO3_N3,91NBA02219,OP2,FrontDarkUDLCollect,1.0,4.1904,0.0,4.6212,0.4308,0.4072,0.0,0.2143
G501_COMBO3_N3,91NBA02219,OP2,FrontDarkUDLCollect,1.0,4.0343,0.0,4.4381,0.4037,0.3635,0.0,0.2142
G501_COMBO3_N3,91NBA02219,OP3,FrontDarkUDLCollect,1.0,4.127,0.0,4.5848,0.4579,0.4738,0.0,0.2436
G501_COMBO3_N3,91NBA02219,OP3,FrontDarkUDLCollect,1.0,4.0687,0.0,4.5838,0.5151,0.4858,0.0,0.1895
G501_COMBO3_N3,91NBA02219,OP3,FrontDarkUDLCollect,1.0,4.1197,0.0,4.5442,0.4246,0.3931,0.0,0.2276
