Station,SN,Operator,Phase,flood_height_angle,flood_global_uniformity,flood_width_angle,flood_local_uniformity
G501_COMBO2_N2,91MBA01772,OP1,FrontFloodUDRCollectHIMAX,31.35,0.16,55.0715,0.0577
G501_COMBO2_N2,91MBA01772,OP1,FrontFloodUDRCollectHIMAX,31.35,0.1583,54.967,0.0569
G501_COMBO2_N2,91MBA01772,OP1,FrontFloodUDRCollectHIMAX,31.559,0.1653,55.176,0.0566
G501_COMBO2_N2,91MBA01772,OP2,FrontFloodUDRCollectHIMAX,31.0365,0.1612,54.8625,0.0598
G501_COMBO2_N2,91MBA01772,OP2,FrontFloodUDRCollectHIMAX,31.141,0.1632,54.8625,0.0591
G501_COMBO2_N2,91MBA01772,OP2,FrontFloodUDRCollectHIMAX,31.2455,0.166,54.967,0.0591
G501_COMBO2_N2,91MBA01772,OP3,FrontFloodUDRCollectHIMAX,30.6185,0.1581,54.967,0.0593
G501_COMBO2_N2,91MBA01772,OP3,FrontFloodUDRCollectHIMAX,30.6185,0.1522,54.8625,0.0598
G501_COMBO2_N2,91MBA01772,OP3,FrontFloodUDRCollectHIMAX,30.514,0.1603,54.758,0.0602
G501_COMBO2_N2,91MBA01803,OP1,FrontFloodUDRCollectHIMAX,28.424,0.1641,52.041,0.0653
G501_COMBO2_N2,91MBA01803,OP1,FrontFloodUDRCollectHIMAX,28.633,0.1681,52.1455,0.0643
G501_COMBO2_N2,91MBA01803,OP1,FrontFloodUDRCollectHIMAX,28.215,0.1625,51.623,0.0654
G501_COMBO2_N2,91MBA01803,OP2,FrontFloodUDRCollectHIMAX,28.5285,0.1649,51.9365,0.0658
G501_COMBO2_N2,91MBA01803,OP2,FrontFloodUDRCollectHIMAX,28.5285,0.1671,52.25,0.0651
G501_COMBO2_N2,91MBA01803,OP2,FrontFloodUDRCollectHIMAX,28.633,0.1645,52.459,0.0652
G501_COMBO2_N2,91MBA01803,OP3,FrontFloodUDRCollectHIMAX,28.633,0.1623,52.041,0.0646
G501_COMBO2_N2,91MBA01803,OP3,FrontFloodUDRCollectHIMAX,28.7375,0.1615,52.25,0.0649
G501_COMBO2_N2,91MBA01803,OP3,FrontFloodUDRCollectHIMAX,28.842,0.1605,52.3545,0.0636
G501_COMBO2_N2,91MBA01805,OP1,FrontFloodUDRCollectHIMAX,31.0365,0.1918,49.8465,0.0591
G501_COMBO2_N2,91MBA01805,OP1,FrontFloodUDRCollectHIMAX,31.141,0.1871,49.8465,0.0581
G501_COMBO2_N2,91MBA01805,OP1,FrontFloodUDRCollectHIMAX,31.2455,0.1885,49.951,0.0594
G501_COMBO2_N2,91MBA01805,OP2,FrontFloodUDRCollectHIMAX,31.2455,0.1851,49.951,0.0588
G501_COMBO2_N2,91MBA01805,OP2,FrontFloodUDRCollectHIMAX,31.141,0.1871,49.8465,0.0589
G501_COMBO2_N2,91MBA01805,OP2,FrontFloodUDRCollectHIMAX,31.141,0.1854,49.742,0.0584
G501_COMBO2_N2,91MBA01805,OP3,FrontFloodUDRCollectHIMAX,31.141,0.1887,49.8465,0.0584
G501_COMBO2_N2,91MBA01805,OP3,FrontFloodUDRCollectHIMAX,30.932,0.1872,49.742,0.0583
G501_COMBO2_N2,91MBA01805,OP3,FrontFloodUDRCollectHIMAX,31.0365,0.1875,49.742,0.0589
G501_COMBO2_N2,91MBA01816,OP1,FrontFloodUDRCollectHIMAX,31.2455,0.1663,54.6535,0.0608
G501_COMBO2_N2,91MBA01816,OP1,FrontFloodUDRCollectHIMAX,31.2455,0.1637,54.6535,0.061
G501_COMBO2_N2,91MBA01816,OP1,FrontFloodUDRCollectHIMAX,31.141,0.1589,54.758,0.0609
G501_COMBO2_N2,91MBA01816,OP2,FrontFloodUDRCollectHIMAX,31.2455,0.1632,54.8625,0.0607
G501_COMBO2_N2,91MBA01816,OP2,FrontFloodUDRCollectHIMAX,31.35,0.1609,54.6535,0.0614
G501_COMBO2_N2,91MBA01816,OP2,FrontFloodUDRCollectHIMAX,31.2455,0.1618,54.758,0.0621
G501_COMBO2_N2,91MBA01816,OP3,FrontFloodUDRCollectHIMAX,31.35,0.1638,55.0715,0.06
G501_COMBO2_N2,91MBA01816,OP3,FrontFloodUDRCollectHIMAX,31.141,0.1672,55.176,0.0605
G501_COMBO2_N2,91MBA01816,OP3,FrontFloodUDRCollectHIMAX,31.0365,0.1622,55.0715,0.0609
G501_COMBO2_N2,91MBA01824,OP1,FrontFloodUDRCollectHIMAX,29.051,0.1666,47.025,0.0677
G501_COMBO2_N2,91MBA01824,OP1,FrontFloodUDRCollectHIMAX,29.26,0.1778,47.443,0.0689
G501_COMBO2_N2,91MBA01824,OP1,FrontFloodUDRCollectHIMAX,29.1555,0.1772,47.234,0.0695
G501_COMBO2_N2,91MBA01824,OP2,FrontFloodUDRCollectHIMAX,29.051,0.1637,47.1295,0.0681
G501_COMBO2_N2,91MBA01824,OP2,FrontFloodUDRCollectHIMAX,29.1555,0.1751,47.234,0.0679
G501_COMBO2_N2,91MBA01824,OP2,FrontFloodUDRCollectHIMAX,29.26,0.1736,47.443,0.0693
G501_COMBO2_N2,91MBA01824,OP3,FrontFloodUDRCollectHIMAX,29.9915,0.1705,46.0845,0.065
G501_COMBO2_N2,91MBA01824,OP3,FrontFloodUDRCollectHIMAX,29.9915,0.1703,46.0845,0.0643
G501_COMBO2_N2,91MBA01824,OP3,FrontFloodUDRCollectHIMAX,30.096,0.1674,46.398,0.0643
G501_COMBO2_N2,91MBA01828,OP1,FrontFloodUDRCollectHIMAX,30.723,0.164,54.4445,0.062
G501_COMBO2_N2,91MBA01828,OP1,FrontFloodUDRCollectHIMAX,30.723,0.1624,54.549,0.0621
G501_COMBO2_N2,91MBA01828,OP1,FrontFloodUDRCollectHIMAX,30.723,0.1626,54.549,0.0615
G501_COMBO2_N2,91MBA01828,OP2,FrontFloodUDRCollectHIMAX,28.842,0.1685,53.504,0.0688
G501_COMBO2_N2,91MBA01828,OP2,FrontFloodUDRCollectHIMAX,28.9465,0.1615,53.504,0.0687
G501_COMBO2_N2,91MBA01828,OP2,FrontFloodUDRCollectHIMAX,29.1555,0.1616,53.504,0.0682
G501_COMBO2_N2,91MBA01828,OP3,FrontFloodUDRCollectHIMAX,29.3645,0.1628,53.8175,0.0687
G501_COMBO2_N2,91MBA01828,OP3,FrontFloodUDRCollectHIMAX,29.5735,0.1621,53.713,0.0679
G501_COMBO2_N2,91MBA01828,OP3,FrontFloodUDRCollectHIMAX,29.051,0.1657,53.6085,0.0678
G501_COMBO2_N2,91NBA02091,OP1,FrontFloodUDRCollectHIMAX,33.5445,0.2212,56.221,0.0703
G501_COMBO2_N2,91NBA02091,OP1,FrontFloodUDRCollectHIMAX,33.649,0.2191,56.221,0.0698
G501_COMBO2_N2,91NBA02091,OP1,FrontFloodUDRCollectHIMAX,33.5445,0.2116,56.3255,0.0673
G501_COMBO2_N2,91NBA02091,OP2,FrontFloodUDRCollectHIMAX,33.44,0.2135,56.221,0.068
G501_COMBO2_N2,91NBA02091,OP2,FrontFloodUDRCollectHIMAX,33.649,0.2151,56.221,0.0686
G501_COMBO2_N2,91NBA02091,OP2,FrontFloodUDRCollectHIMAX,33.649,0.2159,56.221,0.0695
G501_COMBO2_N2,91NBA02091,OP3,FrontFloodUDRCollectHIMAX,33.3355,0.1976,56.1165,0.064
G501_COMBO2_N2,91NBA02091,OP3,FrontFloodUDRCollectHIMAX,33.44,0.2005,56.5345,0.0666
G501_COMBO2_N2,91NBA02091,OP3,FrontFloodUDRCollectHIMAX,33.3355,0.2028,56.3255,0.0669
G501_COMBO2_N2,91NBA02156,OP1,FrontFloodUDRCollectHIMAX,31.35,0.1822,53.922,0.0565
G501_COMBO2_N2,91NBA02156,OP1,FrontFloodUDRCollectHIMAX,31.4545,0.179,53.8175,0.0548
G501_COMBO2_N2,91NBA02156,OP1,FrontFloodUDRCollectHIMAX,31.559,0.1831,53.8175,0.0542
G501_COMBO2_N2,91NBA02156,OP2,FrontFloodUDRCollectHIMAX,30.932,0.1816,53.3995,0.0598
G501_COMBO2_N2,91NBA02156,OP2,FrontFloodUDRCollectHIMAX,31.0365,0.183,53.713,0.0586
G501_COMBO2_N2,91NBA02156,OP2,FrontFloodUDRCollectHIMAX,31.2455,0.181,53.713,0.0574
G501_COMBO2_N2,91NBA02156,OP3,FrontFloodUDRCollectHIMAX,31.0365,0.1787,53.713,0.0588
G501_COMBO2_N2,91NBA02156,OP3,FrontFloodUDRCollectHIMAX,31.0365,0.1826,53.713,0.0576
G501_COMBO2_N2,91NBA02156,OP3,FrontFloodUDRCollectHIMAX,31.4545,0.1828,53.922,0.0563
G501_COMBO2_N2,91NBA02201,OP1,FrontFloodUDRCollectHIMAX,28.9465,0.1577,51.5185,0.0652
G501_COMBO2_N2,91NBA02201,OP1,FrontFloodUDRCollectHIMAX,28.9465,0.158,51.5185,0.066
G501_COMBO2_N2,91NBA02201,OP1,FrontFloodUDRCollectHIMAX,29.1555,0.1632,51.623,0.0664
G501_COMBO2_N2,91NBA02201,OP2,FrontFloodUDRCollectHIMAX,28.842,0.1587,51.205,0.0648
G501_COMBO2_N2,91NBA02201,OP2,FrontFloodUDRCollectHIMAX,29.1555,0.1655,51.414,0.0662
G501_COMBO2_N2,91NBA02201,OP2,FrontFloodUDRCollectHIMAX,29.051,0.1609,51.5185,0.0659
G501_COMBO2_N2,91NBA02201,OP3,FrontFloodUDRCollectHIMAX,28.842,0.1556,50.4735,0.0657
G501_COMBO2_N2,91NBA02201,OP3,FrontFloodUDRCollectHIMAX,28.9465,0.1534,50.6825,0.0653
G501_COMBO2_N2,91NBA02201,OP3,FrontFloodUDRCollectHIMAX,28.842,0.1691,51.5185,0.0634
G501_COMBO2_N2,91NBA02219,OP1,FrontFloodUDRCollectHIMAX,29.5735,0.1554,54.758,0.0685
G501_COMBO2_N2,91NBA02219,OP1,FrontFloodUDRCollectHIMAX,29.678,0.1559,54.6535,0.0673
G501_COMBO2_N2,91NBA02219,OP1,FrontFloodUDRCollectHIMAX,29.5735,0.1528,54.8625,0.067
G501_COMBO2_N2,91NBA02219,OP2,FrontFloodUDRCollectHIMAX,29.26,0.1571,54.34,0.0698
G501_COMBO2_N2,91NBA02219,OP2,FrontFloodUDRCollectHIMAX,29.3645,0.1585,54.8625,0.0679
G501_COMBO2_N2,91NBA02219,OP2,FrontFloodUDRCollectHIMAX,29.26,0.1566,54.4445,0.0684
G501_COMBO2_N2,91NBA02219,OP3,FrontFloodUDRCollectHIMAX,29.1555,0.1598,53.922,0.0704
G501_COMBO2_N2,91NBA02219,OP3,FrontFloodUDRCollectHIMAX,29.3645,0.1597,53.922,0.0706
G501_COMBO2_N2,91NBA02219,OP3,FrontFloodUDRCollectHIMAX,29.3645,0.161,54.0265,0.0705
