Station,SN,Operator,Phase,flood_height_angle,flood_global_uniformity,flood_width_angle,flood_local_uniformity
G501_COMBO2_N2,91MBA01772,OP1,FrontFloodUDLCollectHIMAX,35.2165,0.245,56.848,0.0904
G501_COMBO2_N2,91MBA01772,OP1,FrontFloodUDLCollectHIMAX,35.2165,0.2432,56.7435,0.0894
G501_COMBO2_N2,91MBA01772,OP1,FrontFloodUDLCollectHIMAX,35.0075,0.2394,56.848,0.0885
G501_COMBO2_N2,91MBA01772,OP2,FrontFloodUDLCollectHIMAX,35.0075,0.2409,56.639,0.087
G501_COMBO2_N2,91MBA01772,OP2,FrontFloodUDLCollectHIMAX,35.0075,0.242,56.639,0.0893
G501_COMBO2_N2,91MBA01772,OP2,FrontFloodUDLCollectHIMAX,35.2165,0.2445,56.639,0.0873
G501_COMBO2_N2,91MBA01772,OP3,FrontFloodUDLCollectHIMAX,35.0075,0.2413,56.639,0.0892
G501_COMBO2_N2,91MBA01772,OP3,FrontFloodUDLCollectHIMAX,34.903,0.2384,56.639,0.0883
G501_COMBO2_N2,91MBA01772,OP3,FrontFloodUDLCollectHIMAX,34.5895,0.2402,56.639,0.0889
G501_COMBO2_N2,91MBA01803,OP1,FrontFloodUDLCollectHIMAX,33.231,0.1945,54.34,0.0626
G501_COMBO2_N2,91MBA01803,OP1,FrontFloodUDLCollectHIMAX,33.3355,0.1939,54.6535,0.0611
G501_COMBO2_N2,91MBA01803,OP1,FrontFloodUDLCollectHIMAX,32.813,0.1886,54.131,0.0658
G501_COMBO2_N2,91MBA01803,OP2,FrontFloodUDLCollectHIMAX,33.3355,0.1906,54.6535,0.0619
G501_COMBO2_N2,91MBA01803,OP2,FrontFloodUDLCollectHIMAX,33.649,0.1973,54.758,0.0606
G501_COMBO2_N2,91MBA01803,OP2,FrontFloodUDLCollectHIMAX,33.44,0.1921,54.758,0.0598
G501_COMBO2_N2,91MBA01803,OP3,FrontFloodUDLCollectHIMAX,33.44,0.1938,54.758,0.0619
G501_COMBO2_N2,91MBA01803,OP3,FrontFloodUDLCollectHIMAX,33.5445,0.1972,54.8625,0.0597
G501_COMBO2_N2,91MBA01803,OP3,FrontFloodUDLCollectHIMAX,33.5445,0.1972,54.6535,0.0593
G501_COMBO2_N2,91MBA01805,OP1,FrontFloodUDLCollectHIMAX,33.1265,0.2164,53.8175,0.0624
G501_COMBO2_N2,91MBA01805,OP1,FrontFloodUDLCollectHIMAX,33.5445,0.2177,54.2355,0.0669
G501_COMBO2_N2,91MBA01805,OP1,FrontFloodUDLCollectHIMAX,33.858,0.2197,54.2355,0.0656
G501_COMBO2_N2,91MBA01805,OP2,FrontFloodUDLCollectHIMAX,33.1265,0.2108,53.922,0.063
G501_COMBO2_N2,91MBA01805,OP2,FrontFloodUDLCollectHIMAX,33.7535,0.218,54.2355,0.0664
G501_COMBO2_N2,91MBA01805,OP2,FrontFloodUDLCollectHIMAX,33.858,0.2147,54.131,0.0656
G501_COMBO2_N2,91MBA01805,OP3,FrontFloodUDLCollectHIMAX,33.649,0.214,53.3995,0.0663
G501_COMBO2_N2,91MBA01805,OP3,FrontFloodUDLCollectHIMAX,33.9625,0.2144,54.131,0.0653
G501_COMBO2_N2,91MBA01805,OP3,FrontFloodUDLCollectHIMAX,33.858,0.2228,54.2355,0.0656
G501_COMBO2_N2,91MBA01816,OP1,FrontFloodUDLCollectHIMAX,31.768,0.1682,53.6085,0.0647
G501_COMBO2_N2,91MBA01816,OP1,FrontFloodUDLCollectHIMAX,32.186,0.1664,53.6085,0.0635
G501_COMBO2_N2,91MBA01816,OP1,FrontFloodUDLCollectHIMAX,31.977,0.1678,53.6085,0.0634
G501_COMBO2_N2,91MBA01816,OP2,FrontFloodUDLCollectHIMAX,31.35,0.1703,53.295,0.0665
G501_COMBO2_N2,91MBA01816,OP2,FrontFloodUDLCollectHIMAX,31.8725,0.1707,53.6085,0.064
G501_COMBO2_N2,91MBA01816,OP2,FrontFloodUDLCollectHIMAX,31.8725,0.168,53.6085,0.0638
G501_COMBO2_N2,91MBA01816,OP3,FrontFloodUDLCollectHIMAX,31.977,0.1713,54.2355,0.0637
G501_COMBO2_N2,91MBA01816,OP3,FrontFloodUDLCollectHIMAX,32.0815,0.1692,54.2355,0.0625
G501_COMBO2_N2,91MBA01816,OP3,FrontFloodUDLCollectHIMAX,32.186,0.1693,54.2355,0.0634
G501_COMBO2_N2,91MBA01824,OP1,FrontFloodUDLCollectHIMAX,32.186,0.1925,52.7725,0.065
G501_COMBO2_N2,91MBA01824,OP1,FrontFloodUDLCollectHIMAX,31.8725,0.1854,52.877,0.0656
G501_COMBO2_N2,91MBA01824,OP1,FrontFloodUDLCollectHIMAX,32.0815,0.1947,53.1905,0.066
G501_COMBO2_N2,91MBA01824,OP2,FrontFloodUDLCollectHIMAX,32.186,0.1894,52.7725,0.0657
G501_COMBO2_N2,91MBA01824,OP2,FrontFloodUDLCollectHIMAX,32.0815,0.1915,52.877,0.0655
G501_COMBO2_N2,91MBA01824,OP2,FrontFloodUDLCollectHIMAX,31.8725,0.1906,53.086,0.0652
G501_COMBO2_N2,91MBA01824,OP3,FrontFloodUDLCollectHIMAX,31.977,0.1893,52.668,0.0657
G501_COMBO2_N2,91MBA01824,OP3,FrontFloodUDLCollectHIMAX,32.186,0.1898,52.668,0.0658
G501_COMBO2_N2,91MBA01824,OP3,FrontFloodUDLCollectHIMAX,31.977,0.1887,52.3545,0.066
G501_COMBO2_N2,91MBA01828,OP1,FrontFloodUDLCollectHIMAX,32.604,0.1753,52.1455,0.0702
G501_COMBO2_N2,91MBA01828,OP1,FrontFloodUDLCollectHIMAX,32.604,0.1784,52.25,0.0703
G501_COMBO2_N2,91MBA01828,OP1,FrontFloodUDLCollectHIMAX,32.604,0.1767,52.25,0.0698
G501_COMBO2_N2,91MBA01828,OP2,FrontFloodUDLCollectHIMAX,32.0815,0.1751,51.5185,0.0678
G501_COMBO2_N2,91MBA01828,OP2,FrontFloodUDLCollectHIMAX,32.0815,0.1706,51.832,0.0685
G501_COMBO2_N2,91MBA01828,OP2,FrontFloodUDLCollectHIMAX,31.977,0.1681,51.5185,0.0697
G501_COMBO2_N2,91MBA01828,OP3,FrontFloodUDLCollectHIMAX,31.768,0.1745,51.414,0.0696
G501_COMBO2_N2,91MBA01828,OP3,FrontFloodUDLCollectHIMAX,31.768,0.1726,51.414,0.07
G501_COMBO2_N2,91MBA01828,OP3,FrontFloodUDLCollectHIMAX,31.8725,0.1697,51.5185,0.0709
G501_COMBO2_N2,91NBA02091,OP1,FrontFloodUDLCollectHIMAX,33.44,0.2341,56.639,0.0761
G501_COMBO2_N2,91NBA02091,OP1,FrontFloodUDLCollectHIMAX,33.5445,0.2323,56.639,0.0754
G501_COMBO2_N2,91NBA02091,OP1,FrontFloodUDLCollectHIMAX,33.649,0.2359,56.7435,0.0769
G501_COMBO2_N2,91NBA02091,OP2,FrontFloodUDLCollectHIMAX,33.5445,0.238,56.639,0.0782
G501_COMBO2_N2,91NBA02091,OP2,FrontFloodUDLCollectHIMAX,33.5445,0.2322,56.43,0.076
G501_COMBO2_N2,91NBA02091,OP2,FrontFloodUDLCollectHIMAX,33.649,0.2378,56.7435,0.0788
G501_COMBO2_N2,91NBA02091,OP3,FrontFloodUDLCollectHIMAX,33.7535,0.2332,56.848,0.0776
G501_COMBO2_N2,91NBA02091,OP3,FrontFloodUDLCollectHIMAX,33.858,0.2376,56.7435,0.0791
G501_COMBO2_N2,91NBA02091,OP3,FrontFloodUDLCollectHIMAX,33.858,0.2302,56.9525,0.0765
G501_COMBO2_N2,91NBA02156,OP1,FrontFloodUDLCollectHIMAX,32.9175,0.1927,54.967,0.0618
G501_COMBO2_N2,91NBA02156,OP1,FrontFloodUDLCollectHIMAX,32.9175,0.1936,55.0715,0.0618
G501_COMBO2_N2,91NBA02156,OP1,FrontFloodUDLCollectHIMAX,32.9175,0.1962,54.8625,0.0628
G501_COMBO2_N2,91NBA02156,OP2,FrontFloodUDLCollectHIMAX,33.231,0.1995,55.0715,0.0616
G501_COMBO2_N2,91NBA02156,OP2,FrontFloodUDLCollectHIMAX,33.1265,0.1972,55.176,0.0602
G501_COMBO2_N2,91NBA02156,OP2,FrontFloodUDLCollectHIMAX,33.231,0.1969,55.0715,0.06
G501_COMBO2_N2,91NBA02156,OP3,FrontFloodUDLCollectHIMAX,33.231,0.1999,55.176,0.0606
G501_COMBO2_N2,91NBA02156,OP3,FrontFloodUDLCollectHIMAX,33.231,0.1959,55.176,0.0601
G501_COMBO2_N2,91NBA02156,OP3,FrontFloodUDLCollectHIMAX,33.022,0.1916,54.8625,0.0621
G501_COMBO2_N2,91NBA02201,OP1,FrontFloodUDLCollectHIMAX,32.604,0.2005,56.1165,0.065
G501_COMBO2_N2,91NBA02201,OP1,FrontFloodUDLCollectHIMAX,32.4995,0.1937,56.012,0.0663
G501_COMBO2_N2,91NBA02201,OP1,FrontFloodUDLCollectHIMAX,32.4995,0.1975,56.012,0.066
G501_COMBO2_N2,91NBA02201,OP2,FrontFloodUDLCollectHIMAX,32.186,0.1963,55.6985,0.0661
G501_COMBO2_N2,91NBA02201,OP2,FrontFloodUDLCollectHIMAX,32.186,0.1953,56.1165,0.0665
G501_COMBO2_N2,91NBA02201,OP2,FrontFloodUDLCollectHIMAX,32.4995,0.1948,56.1165,0.0661
G501_COMBO2_N2,91NBA02201,OP3,FrontFloodUDLCollectHIMAX,31.559,0.1876,55.594,0.0686
G501_COMBO2_N2,91NBA02201,OP3,FrontFloodUDLCollectHIMAX,31.8725,0.195,55.4895,0.0668
G501_COMBO2_N2,91NBA02201,OP3,FrontFloodUDLCollectHIMAX,32.9175,0.1974,56.221,0.0648
G501_COMBO2_N2,91NBA02219,OP1,FrontFloodUDLCollectHIMAX,32.7085,0.1946,55.176,0.0623
G501_COMBO2_N2,91NBA02219,OP1,FrontFloodUDLCollectHIMAX,32.7085,0.1921,55.2805,0.062
G501_COMBO2_N2,91NBA02219,OP1,FrontFloodUDLCollectHIMAX,32.7085,0.1954,55.594,0.0621
G501_COMBO2_N2,91NBA02219,OP2,FrontFloodUDLCollectHIMAX,33.1265,0.2068,55.6985,0.0633
G501_COMBO2_N2,91NBA02219,OP2,FrontFloodUDLCollectHIMAX,33.1265,0.209,55.9075,0.0631
G501_COMBO2_N2,91NBA02219,OP2,FrontFloodUDLCollectHIMAX,32.813,0.2039,55.9075,0.0625
G501_COMBO2_N2,91NBA02219,OP3,FrontFloodUDLCollectHIMAX,33.1265,0.2062,55.803,0.0645
G501_COMBO2_N2,91NBA02219,OP3,FrontFloodUDLCollectHIMAX,33.231,0.2079,55.803,0.0642
G501_COMBO2_N2,91NBA02219,OP3,FrontFloodUDLCollectHIMAX,33.3355,0.2045,55.9075,0.0653
