Station,SN,Operator,Phase,module_sn
G501_COMBO1_N1,91MBA01772,OP1,Device_and_module_sn,SI510012C042_PS1840001698CK01156
G501_COMBO1_N1,91MBA01772,OP1,Device_and_module_sn,SI510012C042_PS1840001698CK01156
G501_COMBO1_N1,91MBA01772,OP1,Device_and_module_sn,SI510012C042_PS1840001698CK01156
G501_COMBO1_N1,91MBA01772,OP2,Device_and_module_sn,SI510012C042_PS1840001698CK01156
G501_COMBO1_N1,91MBA01772,OP2,Device_and_module_sn,SI510012C042_PS1840001698CK01156
G501_COMBO1_N1,91MBA01772,OP2,Device_and_module_sn,SI510012C042_PS1840001698CK01156
G501_COMBO1_N1,91MBA01772,OP3,Device_and_module_sn,SI510012C042_PS1840001698CK01156
G501_COMBO1_N1,91MBA01772,OP3,Device_and_module_sn,SI510012C042_PS1840001698CK01156
G501_COMBO1_N1,91MBA01772,OP3,Device_and_module_sn,SI510012C042_PS1840001698CK01156
G501_COMBO1_N1,91MBA01803,OP1,Device_and_module_sn,LI51CLM4C00H_PS1840001698CL00494
G501_COMBO1_N1,91MBA01803,OP1,Device_and_module_sn,LI51CLM4C00H_PS1840001698CL00494
G501_COMBO1_N1,91MBA01803,OP1,Device_and_module_sn,LI51CLM4C00H_PS1840001698CL00494
G501_COMBO1_N1,91MBA01803,OP2,Device_and_module_sn,LI51CLM4C00H_PS1840001698CL00494
G501_COMBO1_N1,91MBA01803,OP2,Device_and_module_sn,LI51CLM4C00H_PS1840001698CL00494
G501_COMBO1_N1,91MBA01803,OP2,Device_and_module_sn,LI51CLM4C00H_PS1840001698CL00494
G501_COMBO1_N1,91MBA01803,OP3,Device_and_module_sn,LI51CLM4C00H_PS1840001698CL00494
G501_COMBO1_N1,91MBA01803,OP3,Device_and_module_sn,LI51CLM4C00H_PS1840001698CL00494
G501_COMBO1_N1,91MBA01803,OP3,Device_and_module_sn,LI51CLM4C00H_PS1840001698CL00494
G501_COMBO1_N1,91MBA01805,OP1,Device_and_module_sn,LI51CLM4C028_PS1840001698CL00404
G501_COMBO1_N1,91MBA01805,OP1,Device_and_module_sn,LI51CLM4C028_PS1840001698CL00404
G501_COMBO1_N1,91MBA01805,OP1,Device_and_module_sn,LI51CLM4C028_PS1840001698CL00404
G501_COMBO1_N1,91MBA01805,OP2,Device_and_module_sn,LI51CLM4C028_PS1840001698CL00404
G501_COMBO1_N1,91MBA01805,OP2,Device_and_module_sn,LI51CLM4C028_PS1840001698CL00404
G501_COMBO1_N1,91MBA01805,OP2,Device_and_module_sn,LI51CLM4C028_PS1840001698CL00404
G501_COMBO1_N1,91MBA01805,OP3,Device_and_module_sn,LI51CLM4C028_PS1840001698CL00404
G501_COMBO1_N1,91MBA01805,OP3,Device_and_module_sn,LI51CLM4C028_PS1840001698CL00404
G501_COMBO1_N1,91MBA01805,OP3,Device_and_module_sn,LI51CLM4C028_PS1840001698CL00404
G501_COMBO1_N1,91MBA01816,OP1,Device_and_module_sn,LI51CLM3C015_PS1840001698CK01155
G501_COMBO1_N1,91MBA01816,OP1,Device_and_module_sn,LI51CLM3C015_PS1840001698CK01155
G501_COMBO1_N1,91MBA01816,OP1,Device_and_module_sn,LI51CLM3C015_PS1840001698CK01155
G501_COMBO1_N1,91MBA01816,OP2,Device_and_module_sn,LI51CLM3C015_PS1840001698CK01155
G501_COMBO1_N1,91MBA01816,OP2,Device_and_module_sn,LI51CLM3C015_PS1840001698CK01155
G501_COMBO1_N1,91MBA01816,OP2,Device_and_module_sn,LI51CLM3C015_PS1840001698CK01155
G501_COMBO1_N1,91MBA01816,OP3,Device_and_module_sn,LI51CLM3C015_PS1840001698CK01155
G501_COMBO1_N1,91MBA01816,OP3,Device_and_module_sn,LI51CLM3C015_PS1840001698CK01155
G501_COMBO1_N1,91MBA01816,OP3,Device_and_module_sn,LI51CLM3C015_PS1840001698CK01155
G501_COMBO1_N1,91MBA01824,OP1,Device_and_module_sn,LI51CLM4C02H_PS1840001698CK00704
G501_COMBO1_N1,91MBA01824,OP1,Device_and_module_sn,LI51CLM4C02H_PS1840001698CK00704
G501_COMBO1_N1,91MBA01824,OP1,Device_and_module_sn,LI51CLM4C02H_PS1840001698CK00704
G501_COMBO1_N1,91MBA01824,OP2,Device_and_module_sn,LI51CLM4C02H_PS1840001698CK00704
G501_COMBO1_N1,91MBA01824,OP2,Device_and_module_sn,LI51CLM4C02H_PS1840001698CK00704
G501_COMBO1_N1,91MBA01824,OP2,Device_and_module_sn,LI51CLM4C02H_PS1840001698CK00704
G501_COMBO1_N1,91MBA01824,OP3,Device_and_module_sn,LI51CLM4C02H_PS1840001698CK00704
G501_COMBO1_N1,91MBA01824,OP3,Device_and_module_sn,LI51CLM4C02H_PS1840001698CK00704
G501_COMBO1_N1,91MBA01824,OP3,Device_and_module_sn,LI51CLM4C02H_PS1840001698CK00704
G501_COMBO1_N1,91MBA01828,OP1,Device_and_module_sn,LI51CLM5C01G_PS1840001698CF00211
G501_COMBO1_N1,91MBA01828,OP1,Device_and_module_sn,LI51CLM5C01G_PS1840001698CF00211
G501_COMBO1_N1,91MBA01828,OP1,Device_and_module_sn,LI51CLM5C01G_PS1840001698CF00211
G501_COMBO1_N1,91MBA01828,OP2,Device_and_module_sn,LI51CLM5C01G_PS1840001698CF00211
G501_COMBO1_N1,91MBA01828,OP2,Device_and_module_sn,LI51CLM5C01G_PS1840001698CF00211
G501_COMBO1_N1,91MBA01828,OP2,Device_and_module_sn,LI51CLM5C01G_PS1840001698CF00211
G501_COMBO1_N1,91MBA01828,OP3,Device_and_module_sn,LI51CLM5C01G_PS1840001698CF00211
G501_COMBO1_N1,91MBA01828,OP3,Device_and_module_sn,LI51CLM5C01G_PS1840001698CF00211
G501_COMBO1_N1,91MBA01828,OP3,Device_and_module_sn,LI51CLM5C01G_PS1840001698CF00211
G501_COMBO1_N1,91NBA02091,OP1,Device_and_module_sn,SI510019C038_PS1840001698CH00340
G501_COMBO1_N1,91NBA02091,OP1,Device_and_module_sn,SI510019C038_PS1840001698CH00340
G501_COMBO1_N1,91NBA02091,OP1,Device_and_module_sn,SI510019C038_PS1840001698CH00340
G501_COMBO1_N1,91NBA02091,OP2,Device_and_module_sn,SI510019C038_PS1840001698CH00340
G501_COMBO1_N1,91NBA02091,OP2,Device_and_module_sn,SI510019C038_PS1840001698CH00340
G501_COMBO1_N1,91NBA02091,OP2,Device_and_module_sn,SI510019C038_PS1840001698CH00340
G501_COMBO1_N1,91NBA02091,OP3,Device_and_module_sn,SI510019C038_PS1840001698CH00340
G501_COMBO1_N1,91NBA02091,OP3,Device_and_module_sn,SI510019C038_PS1840001698CH00340
G501_COMBO1_N1,91NBA02091,OP3,Device_and_module_sn,SI510019C038_PS1840001698CH00340
G501_COMBO1_N1,91NBA02156,OP1,Device_and_module_sn,SI520039C015_PS1840001698CK01096
G501_COMBO1_N1,91NBA02156,OP1,Device_and_module_sn,SI520039C015_PS1840001698CK01096
G501_COMBO1_N1,91NBA02156,OP1,Device_and_module_sn,SI520039C015_PS1840001698CK01096
G501_COMBO1_N1,91NBA02156,OP2,Device_and_module_sn,SI520039C015_PS1840001698CK01096
G501_COMBO1_N1,91NBA02156,OP2,Device_and_module_sn,SI520039C015_PS1840001698CK01096
G501_COMBO1_N1,91NBA02156,OP2,Device_and_module_sn,SI520039C015_PS1840001698CK01096
G501_COMBO1_N1,91NBA02156,OP3,Device_and_module_sn,SI520039C015_PS1840001698CK01096
G501_COMBO1_N1,91NBA02156,OP3,Device_and_module_sn,SI520039C015_PS1840001698CK01096
G501_COMBO1_N1,91NBA02156,OP3,Device_and_module_sn,SI520039C015_PS1840001698CK01096
G501_COMBO1_N1,91NBA02201,OP1,Device_and_module_sn,SI520034C005_PS1840001698CD00308
G501_COMBO1_N1,91NBA02201,OP1,Device_and_module_sn,SI520034C005_PS1840001698CD00308
G501_COMBO1_N1,91NBA02201,OP1,Device_and_module_sn,SI520034C005_PS1840001698CD00308
G501_COMBO1_N1,91NBA02201,OP2,Device_and_module_sn,SI520034C005_PS1840001698CD00308
G501_COMBO1_N1,91NBA02201,OP2,Device_and_module_sn,SI520034C005_PS1840001698CD00308
G501_COMBO1_N1,91NBA02201,OP2,Device_and_module_sn,SI520034C005_PS1840001698CD00308
G501_COMBO1_N1,91NBA02201,OP3,Device_and_module_sn,SI520034C005_PS1840001698CD00308
G501_COMBO1_N1,91NBA02201,OP3,Device_and_module_sn,SI520034C005_PS1840001698CD00308
G501_COMBO1_N1,91NBA02201,OP3,Device_and_module_sn,SI520034C005_PS1840001698CD00308
G501_COMBO1_N1,91NBA02219,OP1,Device_and_module_sn,SI510005C015_PS1840001698CL00510
G501_COMBO1_N1,91NBA02219,OP1,Device_and_module_sn,SI510005C015_PS1840001698CL00510
G501_COMBO1_N1,91NBA02219,OP1,Device_and_module_sn,SI510005C015_PS1840001698CL00510
G501_COMBO1_N1,91NBA02219,OP2,Device_and_module_sn,SI510005C015_PS1840001698CL00510
G501_COMBO1_N1,91NBA02219,OP2,Device_and_module_sn,SI510005C015_PS1840001698CL00510
G501_COMBO1_N1,91NBA02219,OP2,Device_and_module_sn,SI510005C015_PS1840001698CL00510
G501_COMBO1_N1,91NBA02219,OP3,Device_and_module_sn,SI510005C015_PS1840001698CL00510
G501_COMBO1_N1,91NBA02219,OP3,Device_and_module_sn,SI510005C015_PS1840001698CL00510
G501_COMBO1_N1,91NBA02219,OP3,Device_and_module_sn,SI510005C015_PS1840001698CL00510
