Station,SN,Operator,Phase,dac_diff,Capture_Status
G501_COMBO2_N1,91MBA01772,OP1,RearPDAFTestMovementAndCapture,-4,True
G501_COMBO2_N1,91MBA01772,OP1,RearPDAFTestMovementAndCapture,1,True
G501_COMBO2_N1,91MBA01772,OP1,RearPDAFTestMovementAndCapture,0,True
G501_COMBO2_N1,91MBA01772,OP2,RearPDAFTestMovementAndCapture,2,True
G501_COMBO2_N1,91MBA01772,OP2,RearPDAFTestMovementAndCapture,0,True
G501_COMBO2_N1,91MBA01772,OP2,RearPDAFTestMovementAndCapture,-3,True
G501_COMBO2_N1,91MBA01772,OP3,RearPDAFTestMovementAndCapture,0,True
G501_COMBO2_N1,91MBA01772,OP3,RearPDAFTestMovementAndCapture,-1,True
G501_COMBO2_N1,91MBA01772,OP3,RearPDAFTestMovementAndCapture,-3,True
G501_COMBO2_N1,91MBA01803,OP1,RearPDAFTestMovementAndCapture,-13,True
G501_COMBO2_N1,91MBA01803,OP1,RearPDAFTestMovementAndCapture,-14,True
G501_COMBO2_N1,91MBA01803,OP1,RearPDAFTestMovementAndCapture,-15,True
G501_COMBO2_N1,91MBA01803,OP2,RearPDAFTestMovementAndCapture,-8,True
G501_COMBO2_N1,91MBA01803,OP2,RearPDAFTestMovementAndCapture,-11,True
G501_COMBO2_N1,91MBA01803,OP2,RearPDAFTestMovementAndCapture,-14,True
G501_COMBO2_N1,91MBA01803,OP3,RearPDAFTestMovementAndCapture,-14,True
G501_COMBO2_N1,91MBA01803,OP3,RearPDAFTestMovementAndCapture,-10,True
G501_COMBO2_N1,91MBA01803,OP3,RearPDAFTestMovementAndCapture,-12,True
G501_COMBO2_N1,91MBA01805,OP1,RearPDAFTestMovementAndCapture,-4,True
G501_COMBO2_N1,91MBA01805,OP1,RearPDAFTestMovementAndCapture,-4,True
G501_COMBO2_N1,91MBA01805,OP1,RearPDAFTestMovementAndCapture,-5,True
G501_COMBO2_N1,91MBA01805,OP2,RearPDAFTestMovementAndCapture,-11,True
G501_COMBO2_N1,91MBA01805,OP2,RearPDAFTestMovementAndCapture,-6,True
G501_COMBO2_N1,91MBA01805,OP2,RearPDAFTestMovementAndCapture,-8,True
G501_COMBO2_N1,91MBA01805,OP3,RearPDAFTestMovementAndCapture,-8,True
G501_COMBO2_N1,91MBA01805,OP3,RearPDAFTestMovementAndCapture,-3,True
G501_COMBO2_N1,91MBA01805,OP3,RearPDAFTestMovementAndCapture,-3,True
G501_COMBO2_N1,91MBA01816,OP1,RearPDAFTestMovementAndCapture,-2,True
G501_COMBO2_N1,91MBA01816,OP1,RearPDAFTestMovementAndCapture,-3,True
G501_COMBO2_N1,91MBA01816,OP1,RearPDAFTestMovementAndCapture,-3,True
G501_COMBO2_N1,91MBA01816,OP2,RearPDAFTestMovementAndCapture,1,True
G501_COMBO2_N1,91MBA01816,OP2,RearPDAFTestMovementAndCapture,0,True
G501_COMBO2_N1,91MBA01816,OP2,RearPDAFTestMovementAndCapture,-3,True
G501_COMBO2_N1,91MBA01816,OP3,RearPDAFTestMovementAndCapture,0,True
G501_COMBO2_N1,91MBA01816,OP3,RearPDAFTestMovementAndCapture,0,True
G501_COMBO2_N1,91MBA01816,OP3,RearPDAFTestMovementAndCapture,-1,True
G501_COMBO2_N1,91MBA01824,OP1,RearPDAFTestMovementAndCapture,13,True
G501_COMBO2_N1,91MBA01824,OP1,RearPDAFTestMovementAndCapture,12,True
G501_COMBO2_N1,91MBA01824,OP1,RearPDAFTestMovementAndCapture,12,True
G501_COMBO2_N1,91MBA01824,OP2,RearPDAFTestMovementAndCapture,10,True
G501_COMBO2_N1,91MBA01824,OP2,RearPDAFTestMovementAndCapture,7,True
G501_COMBO2_N1,91MBA01824,OP2,RearPDAFTestMovementAndCapture,10,True
G501_COMBO2_N1,91MBA01824,OP3,RearPDAFTestMovementAndCapture,8,True
G501_COMBO2_N1,91MBA01824,OP3,RearPDAFTestMovementAndCapture,7,True
G501_COMBO2_N1,91MBA01824,OP3,RearPDAFTestMovementAndCapture,13,True
G501_COMBO2_N1,91MBA01828,OP1,RearPDAFTestMovementAndCapture,-1,True
G501_COMBO2_N1,91MBA01828,OP1,RearPDAFTestMovementAndCapture,-1,True
G501_COMBO2_N1,91MBA01828,OP1,RearPDAFTestMovementAndCapture,3,True
G501_COMBO2_N1,91MBA01828,OP2,RearPDAFTestMovementAndCapture,-2,True
G501_COMBO2_N1,91MBA01828,OP2,RearPDAFTestMovementAndCapture,0,True
G501_COMBO2_N1,91MBA01828,OP2,RearPDAFTestMovementAndCapture,-1,True
G501_COMBO2_N1,91MBA01828,OP3,RearPDAFTestMovementAndCapture,2,True
G501_COMBO2_N1,91MBA01828,OP3,RearPDAFTestMovementAndCapture,0,True
G501_COMBO2_N1,91MBA01828,OP3,RearPDAFTestMovementAndCapture,5,True
G501_COMBO2_N1,91NBA02091,OP1,RearPDAFTestMovementAndCapture,-3,True
G501_COMBO2_N1,91NBA02091,OP1,RearPDAFTestMovementAndCapture,-4,True
G501_COMBO2_N1,91NBA02091,OP1,RearPDAFTestMovementAndCapture,-5,True
G501_COMBO2_N1,91NBA02091,OP2,RearPDAFTestMovementAndCapture,-5,True
G501_COMBO2_N1,91NBA02091,OP2,RearPDAFTestMovementAndCapture,-1,True
G501_COMBO2_N1,91NBA02091,OP2,RearPDAFTestMovementAndCapture,-3,True
G501_COMBO2_N1,91NBA02091,OP3,RearPDAFTestMovementAndCapture,-5,True
G501_COMBO2_N1,91NBA02091,OP3,RearPDAFTestMovementAndCapture,0,True
G501_COMBO2_N1,91NBA02091,OP3,RearPDAFTestMovementAndCapture,-2,True
G501_COMBO2_N1,91NBA02156,OP1,RearPDAFTestMovementAndCapture,11,True
G501_COMBO2_N1,91NBA02156,OP1,RearPDAFTestMovementAndCapture,9,True
G501_COMBO2_N1,91NBA02156,OP1,RearPDAFTestMovementAndCapture,17,True
G501_COMBO2_N1,91NBA02156,OP2,RearPDAFTestMovementAndCapture,16,True
G501_COMBO2_N1,91NBA02156,OP2,RearPDAFTestMovementAndCapture,4,True
G501_COMBO2_N1,91NBA02156,OP2,RearPDAFTestMovementAndCapture,10,True
G501_COMBO2_N1,91NBA02156,OP3,RearPDAFTestMovementAndCapture,16,True
G501_COMBO2_N1,91NBA02156,OP3,RearPDAFTestMovementAndCapture,21,True
G501_COMBO2_N1,91NBA02156,OP3,RearPDAFTestMovementAndCapture,19,True
G501_COMBO2_N1,91NBA02201,OP1,RearPDAFTestMovementAndCapture,0,True
G501_COMBO2_N1,91NBA02201,OP1,RearPDAFTestMovementAndCapture,3,True
G501_COMBO2_N1,91NBA02201,OP1,RearPDAFTestMovementAndCapture,3,True
G501_COMBO2_N1,91NBA02201,OP2,RearPDAFTestMovementAndCapture,1,True
G501_COMBO2_N1,91NBA02201,OP2,RearPDAFTestMovementAndCapture,0,True
G501_COMBO2_N1,91NBA02201,OP2,RearPDAFTestMovementAndCapture,3,True
G501_COMBO2_N1,91NBA02201,OP3,RearPDAFTestMovementAndCapture,2,True
G501_COMBO2_N1,91NBA02201,OP3,RearPDAFTestMovementAndCapture,1,True
G501_COMBO2_N1,91NBA02201,OP3,RearPDAFTestMovementAndCapture,0,True
G501_COMBO2_N1,91NBA02219,OP1,RearPDAFTestMovementAndCapture,0,True
G501_COMBO2_N1,91NBA02219,OP1,RearPDAFTestMovementAndCapture,-1,True
G501_COMBO2_N1,91NBA02219,OP1,RearPDAFTestMovementAndCapture,-1,True
G501_COMBO2_N1,91NBA02219,OP2,RearPDAFTestMovementAndCapture,-2,True
G501_COMBO2_N1,91NBA02219,OP2,RearPDAFTestMovementAndCapture,-5,True
G501_COMBO2_N1,91NBA02219,OP2,RearPDAFTestMovementAndCapture,-1,True
G501_COMBO2_N1,91NBA02219,OP3,RearPDAFTestMovementAndCapture,-3,True
G501_COMBO2_N1,91NBA02219,OP3,RearPDAFTestMovementAndCapture,2,True
G501_COMBO2_N1,91NBA02219,OP3,RearPDAFTestMovementAndCapture,-6,True
