Station,SN,Operator,Phase,defect_singlet,Dark_Shading_Min,defect_couplet,Dark_Shading_Max,Dark_Shading,defect_row,defect_cluster,defect_col
G501_COMBO3_N4,91MBA01772,OP1,FrontDarkUDRCollect,1.0,4.7898,0.0,5.5858,0.796,0.5395,0.0,0.3704
G501_COMBO3_N4,91MBA01772,OP1,FrontDarkUDRCollect,0.0,4.1301,0.0,4.6067,0.4766,0.4118,0.0,0.1819
G501_COMBO3_N4,91MBA01772,OP1,FrontDarkUDRCollect,0.0,4.1478,0.0,4.6077,0.4599,0.4396,0.0,0.2466
G501_COMBO3_N4,91MBA01772,OP2,FrontDarkUDRCollect,0.0,4.1103,0.0,4.6056,0.4953,0.3895,0.0,0.1746
G501_COMBO3_N4,91MBA01772,OP2,FrontDarkUDRCollect,0.0,4.0864,0.0,4.589,0.5026,0.4509,0.0,0.2581
G501_COMBO3_N4,91MBA01772,OP2,FrontDarkUDRCollect,0.0,4.2154,0.0,4.6576,0.4422,0.353,0.0,0.1953
G501_COMBO3_N4,91MBA01772,OP3,FrontDarkUDRCollect,0.0,4.1592,0.0,4.6004,0.4412,0.3595,0.0,0.2027
G501_COMBO3_N4,91MBA01772,OP3,FrontDarkUDRCollect,1.0,4.5931,0.0,5.2872,0.6941,0.8967,0.0,0.3357
G501_COMBO3_N4,91MBA01772,OP3,FrontDarkUDRCollect,0.0,4.1759,0.0,4.6639,0.488,0.439,0.0,0.1871
G501_COMBO3_N4,91MBA01803,OP1,FrontDarkUDRCollect,0.0,4.1134,0.0,4.5078,0.3944,0.4021,0.0,0.1941
G501_COMBO3_N4,91MBA01803,OP1,FrontDarkUDRCollect,0.0,4.0728,0.0,4.4703,0.3975,0.3994,0.0,0.291
G501_COMBO3_N4,91MBA01803,OP1,FrontDarkUDRCollect,0.0,4.0437,0.0,4.4787,0.435,0.4118,0.0,0.1674
G501_COMBO3_N4,91MBA01803,OP2,FrontDarkUDRCollect,0.0,4.102,0.0,4.5047,0.4027,0.3484,0.0,0.2501
G501_COMBO3_N4,91MBA01803,OP2,FrontDarkUDRCollect,0.0,4.1342,0.0,4.5588,0.4246,0.3116,0.0,0.229
G501_COMBO3_N4,91MBA01803,OP2,FrontDarkUDRCollect,0.0,4.0656,0.0,4.4974,0.4318,0.3422,0.0,0.2029
G501_COMBO3_N4,91MBA01803,OP3,FrontDarkUDRCollect,0.0,4.0957,0.0,4.5213,0.4256,0.3016,0.0,0.1986
G501_COMBO3_N4,91MBA01803,OP3,FrontDarkUDRCollect,0.0,4.1561,0.0,4.5578,0.4017,0.3614,0.0,0.1891
G501_COMBO3_N4,91MBA01803,OP3,FrontDarkUDRCollect,0.0,4.1186,0.0,4.5432,0.4246,0.3371,0.0,0.2501
G501_COMBO3_N4,91MBA01805,OP1,FrontDarkUDRCollect,0.0,4.0177,0.0,4.4631,0.4454,0.3461,0.0,0.1858
G501_COMBO3_N4,91MBA01805,OP1,FrontDarkUDRCollect,0.0,3.9979,0.0,4.4599,0.462,0.3783,0.0,0.2184
G501_COMBO3_N4,91MBA01805,OP1,FrontDarkUDRCollect,0.0,4.076,0.0,4.4714,0.3954,0.2569,0.0,0.2055
G501_COMBO3_N4,91MBA01805,OP2,FrontDarkUDRCollect,0.0,4.0937,0.0,4.4693,0.3757,0.3391,0.0,0.1721
G501_COMBO3_N4,91MBA01805,OP2,FrontDarkUDRCollect,0.0,4.0666,0.0,4.4766,0.41,0.45,0.0,0.1888
G501_COMBO3_N4,91MBA01805,OP2,FrontDarkUDRCollect,0.0,3.9813,0.0,4.3829,0.4017,0.382,0.0,0.1855
G501_COMBO3_N4,91MBA01805,OP3,FrontDarkUDRCollect,0.0,4.0572,0.0,4.4901,0.4329,0.3196,0.0,0.2758
G501_COMBO3_N4,91MBA01805,OP3,FrontDarkUDRCollect,0.0,4.0479,0.0,4.4714,0.4235,0.3185,0.0,0.2417
G501_COMBO3_N4,91MBA01805,OP3,FrontDarkUDRCollect,0.0,4.0052,0.0,4.435,0.4298,0.2998,0.0,0.2206
G501_COMBO3_N4,91MBA01816,OP1,FrontDarkUDRCollect,0.0,4.1322,0.0,4.5796,0.4475,0.2706,0.0,0.2128
G501_COMBO3_N4,91MBA01816,OP1,FrontDarkUDRCollect,0.0,4.1228,0.0,4.5765,0.4537,0.3997,0.0,0.1896
G501_COMBO3_N4,91MBA01816,OP1,FrontDarkUDRCollect,0.0,4.0801,0.0,4.4932,0.4131,0.2773,0.0,0.2188
G501_COMBO3_N4,91MBA01816,OP2,FrontDarkUDRCollect,0.0,4.1228,0.0,4.6254,0.5026,0.4343,0.0,0.1857
G501_COMBO3_N4,91MBA01816,OP2,FrontDarkUDRCollect,0.0,4.1259,0.0,4.5671,0.4412,0.4335,0.0,0.2057
G501_COMBO3_N4,91MBA01816,OP2,FrontDarkUDRCollect,0.0,4.1946,0.0,4.6618,0.4672,0.3499,0.0,0.2247
G501_COMBO3_N4,91MBA01816,OP3,FrontDarkUDRCollect,0.0,4.0864,0.0,4.5661,0.4797,0.3624,0.0,0.1918
G501_COMBO3_N4,91MBA01816,OP3,FrontDarkUDRCollect,0.0,4.2216,0.0,4.692,0.4703,0.4627,0.0,0.2526
G501_COMBO3_N4,91MBA01816,OP3,FrontDarkUDRCollect,0.0,4.077,0.0,4.5026,0.4256,0.3721,0.0,0.1857
G501_COMBO3_N4,91MBA01824,OP1,FrontDarkUDRCollect,0.0,4.1051,0.0,4.5099,0.4048,0.2917,0.0,0.1971
G501_COMBO3_N4,91MBA01824,OP1,FrontDarkUDRCollect,0.0,4.0874,0.0,4.4766,0.3892,0.2738,0.0,0.2014
G501_COMBO3_N4,91MBA01824,OP1,FrontDarkUDRCollect,0.0,4.1165,0.0,4.5557,0.4391,0.3252,0.0,0.1969
G501_COMBO3_N4,91MBA01824,OP2,FrontDarkUDRCollect,0.0,4.0947,0.0,4.5245,0.4298,0.3645,0.0,0.1812
G501_COMBO3_N4,91MBA01824,OP2,FrontDarkUDRCollect,0.0,4.0656,0.0,4.4849,0.4194,0.3699,0.0,0.2051
G501_COMBO3_N4,91MBA01824,OP2,FrontDarkUDRCollect,0.0,4.103,0.0,4.5151,0.4121,0.3155,0.0,0.1793
G501_COMBO3_N4,91MBA01824,OP3,FrontDarkUDRCollect,0.0,4.0957,0.0,4.5005,0.4048,0.284,0.0,0.1785
G501_COMBO3_N4,91MBA01824,OP3,FrontDarkUDRCollect,0.0,4.0749,0.0,4.4672,0.3923,0.3521,0.0,0.2199
G501_COMBO3_N4,91MBA01824,OP3,FrontDarkUDRCollect,0.0,4.1165,0.0,4.5036,0.3871,0.2938,0.0,0.1947
G501_COMBO3_N4,91MBA01828,OP1,FrontDarkUDRCollect,0.0,4.0166,0.0,4.4776,0.461,0.5775,0.0,0.215
G501_COMBO3_N4,91MBA01828,OP1,FrontDarkUDRCollect,0.0,4.0687,0.0,4.5068,0.4381,0.5493,0.0,0.2039
G501_COMBO3_N4,91MBA01828,OP1,FrontDarkUDRCollect,0.0,4.0905,0.0,4.487,0.3965,0.4314,0.0,0.1724
G501_COMBO3_N4,91MBA01828,OP2,FrontDarkUDRCollect,0.0,4.0687,0.0,4.5036,0.435,0.6731,0.0,0.1775
G501_COMBO3_N4,91MBA01828,OP2,FrontDarkUDRCollect,0.0,4.0812,0.0,4.5515,0.4703,0.3749,0.0,0.1576
G501_COMBO3_N4,91MBA01828,OP2,FrontDarkUDRCollect,0.0,4.1124,0.0,4.5088,0.3965,0.4797,0.0,0.1608
G501_COMBO3_N4,91MBA01828,OP3,FrontDarkUDRCollect,0.0,3.9813,0.0,4.4391,0.4579,0.3731,0.0,0.1951
G501_COMBO3_N4,91MBA01828,OP3,FrontDarkUDRCollect,0.0,4.3278,0.0,4.7586,0.4308,0.5391,0.0,0.2232
G501_COMBO3_N4,91MBA01828,OP3,FrontDarkUDRCollect,0.0,4.1686,0.0,4.5557,0.3871,0.4112,0.0,0.2089
G501_COMBO3_N4,91NBA02091,OP1,FrontDarkUDRCollect,0.0,4.1779,0.0,4.5796,0.4017,0.4029,0.0,0.2066
G501_COMBO3_N4,91NBA02091,OP1,FrontDarkUDRCollect,0.0,4.0874,0.0,4.5338,0.4464,0.4288,0.0,0.203
G501_COMBO3_N4,91NBA02091,OP1,FrontDarkUDRCollect,0.0,4.0937,0.0,4.5297,0.436,0.4346,0.0,0.2613
G501_COMBO3_N4,91NBA02091,OP2,FrontDarkUDRCollect,0.0,4.0583,0.0,4.4527,0.3944,0.4581,0.0,0.1962
G501_COMBO3_N4,91NBA02091,OP2,FrontDarkUDRCollect,0.0,4.1863,0.0,4.5401,0.3538,0.4194,0.0,0.1712
G501_COMBO3_N4,91NBA02091,OP2,FrontDarkUDRCollect,0.0,4.0801,0.0,4.4433,0.3632,0.3097,0.0,0.2042
G501_COMBO3_N4,91NBA02091,OP3,FrontDarkUDRCollect,0.0,4.1759,0.0,4.5442,0.3684,0.3079,0.0,0.19
G501_COMBO3_N4,91NBA02091,OP3,FrontDarkUDRCollect,0.0,4.0999,0.0,4.462,0.3621,0.4579,0.0,0.218
G501_COMBO3_N4,91NBA02091,OP3,FrontDarkUDRCollect,0.0,4.128,0.0,4.5286,0.4006,0.5451,0.0,0.1939
G501_COMBO3_N4,91NBA02156,OP1,FrontDarkUDRCollect,0.0,4.0364,0.0,4.4547,0.4183,0.3708,0.0,0.1904
G501_COMBO3_N4,91NBA02156,OP1,FrontDarkUDRCollect,0.0,4.0645,0.0,4.5525,0.488,0.3586,0.0,0.1926
G501_COMBO3_N4,91NBA02156,OP1,FrontDarkUDRCollect,0.0,4.0697,0.0,4.538,0.4683,0.3546,0.0,0.1637
G501_COMBO3_N4,91NBA02156,OP2,FrontDarkUDRCollect,0.0,4.0198,0.0,4.4787,0.4589,0.2809,0.0,0.1656
G501_COMBO3_N4,91NBA02156,OP2,FrontDarkUDRCollect,0.0,4.0323,0.0,4.4631,0.4308,0.3953,0.0,0.1684
G501_COMBO3_N4,91NBA02156,OP2,FrontDarkUDRCollect,0.0,3.9813,0.0,4.4256,0.4443,0.3819,0.0,0.1759
G501_COMBO3_N4,91NBA02156,OP3,FrontDarkUDRCollect,0.0,3.9636,0.0,4.4027,0.4391,0.4408,0.0,0.1711
G501_COMBO3_N4,91NBA02156,OP3,FrontDarkUDRCollect,0.0,3.9948,0.0,4.4662,0.4714,0.3222,0.0,0.2307
G501_COMBO3_N4,91NBA02156,OP3,FrontDarkUDRCollect,0.0,4.0281,0.0,4.4787,0.4506,0.3253,0.0,0.1811
G501_COMBO3_N4,91NBA02201,OP1,FrontDarkUDRCollect,0.0,4.0583,0.0,4.4807,0.4225,0.3634,0.0,0.1921
G501_COMBO3_N4,91NBA02201,OP1,FrontDarkUDRCollect,0.0,3.9906,0.0,4.4631,0.4724,0.3468,0.0,0.2113
G501_COMBO3_N4,91NBA02201,OP1,FrontDarkUDRCollect,0.0,3.9729,0.0,4.437,0.4641,0.393,0.0,0.1789
G501_COMBO3_N4,91NBA02201,OP2,FrontDarkUDRCollect,0.0,4.0593,0.0,4.4953,0.436,0.3819,0.0,0.1872
G501_COMBO3_N4,91NBA02201,OP2,FrontDarkUDRCollect,0.0,3.9511,0.0,4.3684,0.4173,0.3154,0.0,0.2017
G501_COMBO3_N4,91NBA02201,OP2,FrontDarkUDRCollect,0.0,3.9906,0.0,4.4443,0.4537,0.3533,0.0,0.1659
G501_COMBO3_N4,91NBA02201,OP3,FrontDarkUDRCollect,0.0,4.0676,0.0,4.4651,0.3975,0.361,0.0,0.1777
G501_COMBO3_N4,91NBA02201,OP3,FrontDarkUDRCollect,0.0,4.0343,0.0,4.4506,0.4162,0.3722,0.0,0.193
G501_COMBO3_N4,91NBA02201,OP3,FrontDarkUDRCollect,0.0,4.0468,0.0,4.487,0.4402,0.3763,0.0,0.2426
G501_COMBO3_N4,91NBA02219,OP1,FrontDarkUDRCollect,0.0,4.2518,0.0,4.693,0.4412,0.3013,0.0,0.2275
G501_COMBO3_N4,91NBA02219,OP1,FrontDarkUDRCollect,0.0,4.1873,0.0,4.6483,0.461,0.3518,0.0,0.2273
G501_COMBO3_N4,91NBA02219,OP1,FrontDarkUDRCollect,0.0,4.1821,0.0,4.589,0.4069,0.4461,0.0,0.1848
G501_COMBO3_N4,91NBA02219,OP2,FrontDarkUDRCollect,0.0,4.2071,0.0,4.6441,0.437,0.3296,0.0,0.2759
G501_COMBO3_N4,91NBA02219,OP2,FrontDarkUDRCollect,0.0,4.2154,0.0,4.6524,0.437,0.4061,0.0,0.1928
G501_COMBO3_N4,91NBA02219,OP2,FrontDarkUDRCollect,0.0,4.1561,0.0,4.6004,0.4443,0.4063,0.0,0.2042
G501_COMBO3_N4,91NBA02219,OP3,FrontDarkUDRCollect,0.0,4.1707,0.0,4.6108,0.4402,0.4438,0.0,0.2105
G501_COMBO3_N4,91NBA02219,OP3,FrontDarkUDRCollect,0.0,4.2237,0.0,4.6483,0.4246,0.4039,0.0,0.1895
G501_COMBO3_N4,91NBA02219,OP3,FrontDarkUDRCollect,0.0,4.2123,0.0,4.6587,0.4464,0.3521,0.0,0.1685
