Station,SN,Operator,Phase,flood_height_angle,flood_global_uniformity,flood_width_angle,flood_local_uniformity
G501_COMBO2_N4,91MBA01772,OP1,FrontFloodUDRCollectHIMAX,37.5155,0.2555,60.61,0.0944
G501_COMBO2_N4,91MBA01772,OP1,FrontFloodUDRCollectHIMAX,37.7245,0.2524,60.61,0.093
G501_COMBO2_N4,91MBA01772,OP1,FrontFloodUDRCollectHIMAX,37.5155,0.2529,60.61,0.0934
G501_COMBO2_N4,91MBA01772,OP2,FrontFloodUDRCollectHIMAX,37.7245,0.2545,60.7145,0.0949
G501_COMBO2_N4,91MBA01772,OP2,FrontFloodUDRCollectHIMAX,37.829,0.248,60.7145,0.0913
G501_COMBO2_N4,91MBA01772,OP2,FrontFloodUDRCollectHIMAX,37.7245,0.2482,60.61,0.0925
G501_COMBO2_N4,91MBA01772,OP3,FrontFloodUDRCollectHIMAX,37.62,0.251,60.5055,0.092
G501_COMBO2_N4,91MBA01772,OP3,FrontFloodUDRCollectHIMAX,37.829,0.2503,60.5055,0.0924
G501_COMBO2_N4,91MBA01772,OP3,FrontFloodUDRCollectHIMAX,37.411,0.2224,60.2965,0.0847
G501_COMBO2_N4,91MBA01803,OP1,FrontFloodUDRCollectHIMAX,35.739,0.2127,58.4155,0.0722
G501_COMBO2_N4,91MBA01803,OP1,FrontFloodUDRCollectHIMAX,35.948,0.213,58.6245,0.0737
G501_COMBO2_N4,91MBA01803,OP1,FrontFloodUDRCollectHIMAX,36.0525,0.213,58.6245,0.0739
G501_COMBO2_N4,91MBA01803,OP2,FrontFloodUDRCollectHIMAX,36.4705,0.223,58.6245,0.0779
G501_COMBO2_N4,91MBA01803,OP2,FrontFloodUDRCollectHIMAX,36.6795,0.2266,58.938,0.0797
G501_COMBO2_N4,91MBA01803,OP2,FrontFloodUDRCollectHIMAX,36.8885,0.2264,58.938,0.084
G501_COMBO2_N4,91MBA01803,OP3,FrontFloodUDRCollectHIMAX,36.157,0.224,58.52,0.0798
G501_COMBO2_N4,91MBA01803,OP3,FrontFloodUDRCollectHIMAX,36.366,0.228,58.52,0.0814
G501_COMBO2_N4,91MBA01803,OP3,FrontFloodUDRCollectHIMAX,36.575,0.2291,58.52,0.0832
G501_COMBO2_N4,91MBA01805,OP1,FrontFloodUDRCollectHIMAX,38.456,0.2794,58.311,0.1043
G501_COMBO2_N4,91MBA01805,OP1,FrontFloodUDRCollectHIMAX,38.5605,0.2768,58.2065,0.1063
G501_COMBO2_N4,91MBA01805,OP1,FrontFloodUDRCollectHIMAX,38.456,0.2754,57.9975,0.1038
G501_COMBO2_N4,91MBA01805,OP2,FrontFloodUDRCollectHIMAX,38.5605,0.2767,58.2065,0.1053
G501_COMBO2_N4,91MBA01805,OP2,FrontFloodUDRCollectHIMAX,38.5605,0.2777,58.311,0.1062
G501_COMBO2_N4,91MBA01805,OP2,FrontFloodUDRCollectHIMAX,38.5605,0.2752,58.311,0.106
G501_COMBO2_N4,91MBA01805,OP3,FrontFloodUDRCollectHIMAX,38.1425,0.2703,57.7885,0.1034
G501_COMBO2_N4,91MBA01805,OP3,FrontFloodUDRCollectHIMAX,38.038,0.2699,57.9975,0.1025
G501_COMBO2_N4,91MBA01805,OP3,FrontFloodUDRCollectHIMAX,37.9335,0.2619,57.7885,0.0988
G501_COMBO2_N4,91MBA01816,OP1,FrontFloodUDRCollectHIMAX,37.7245,0.2573,61.3415,0.0992
G501_COMBO2_N4,91MBA01816,OP1,FrontFloodUDRCollectHIMAX,37.9335,0.2634,61.3415,0.1007
G501_COMBO2_N4,91MBA01816,OP1,FrontFloodUDRCollectHIMAX,37.9335,0.2633,61.446,0.0999
G501_COMBO2_N4,91MBA01816,OP2,FrontFloodUDRCollectHIMAX,37.9335,0.2662,61.446,0.1003
G501_COMBO2_N4,91MBA01816,OP2,FrontFloodUDRCollectHIMAX,38.038,0.269,61.3415,0.1048
G501_COMBO2_N4,91MBA01816,OP2,FrontFloodUDRCollectHIMAX,38.038,0.2595,61.237,0.1007
G501_COMBO2_N4,91MBA01816,OP3,FrontFloodUDRCollectHIMAX,37.62,0.2489,61.237,0.0969
G501_COMBO2_N4,91MBA01816,OP3,FrontFloodUDRCollectHIMAX,38.038,0.2648,61.446,0.1029
G501_COMBO2_N4,91MBA01816,OP3,FrontFloodUDRCollectHIMAX,37.829,0.2673,61.446,0.1036
G501_COMBO2_N4,91MBA01824,OP1,FrontFloodUDRCollectHIMAX,34.903,0.1839,57.1615,0.064
G501_COMBO2_N4,91MBA01824,OP1,FrontFloodUDRCollectHIMAX,35.0075,0.1824,57.1615,0.0624
G501_COMBO2_N4,91MBA01824,OP1,FrontFloodUDRCollectHIMAX,35.112,0.1872,57.266,0.0638
G501_COMBO2_N4,91MBA01824,OP2,FrontFloodUDRCollectHIMAX,34.485,0.1872,57.1615,0.068
G501_COMBO2_N4,91MBA01824,OP2,FrontFloodUDRCollectHIMAX,34.067,0.1689,56.43,0.0605
G501_COMBO2_N4,91MBA01824,OP2,FrontFloodUDRCollectHIMAX,33.5445,0.181,56.5345,0.0663
G501_COMBO2_N4,91MBA01824,OP3,FrontFloodUDRCollectHIMAX,34.1715,0.1741,56.3255,0.0575
G501_COMBO2_N4,91MBA01824,OP3,FrontFloodUDRCollectHIMAX,34.276,0.1646,56.221,0.0574
G501_COMBO2_N4,91MBA01824,OP3,FrontFloodUDRCollectHIMAX,34.3805,0.1821,56.43,0.0653
G501_COMBO2_N4,91MBA01828,OP1,FrontFloodUDRCollectHIMAX,37.7245,0.2363,60.0875,0.0913
G501_COMBO2_N4,91MBA01828,OP1,FrontFloodUDRCollectHIMAX,37.62,0.2351,59.774,0.0908
G501_COMBO2_N4,91MBA01828,OP1,FrontFloodUDRCollectHIMAX,37.411,0.2299,59.774,0.088
G501_COMBO2_N4,91MBA01828,OP2,FrontFloodUDRCollectHIMAX,37.3065,0.2291,59.983,0.0858
G501_COMBO2_N4,91MBA01828,OP2,FrontFloodUDRCollectHIMAX,37.62,0.2318,59.8785,0.0884
G501_COMBO2_N4,91MBA01828,OP2,FrontFloodUDRCollectHIMAX,37.411,0.2286,60.0875,0.0863
G501_COMBO2_N4,91MBA01828,OP3,FrontFloodUDRCollectHIMAX,37.202,0.2143,59.356,0.079
G501_COMBO2_N4,91MBA01828,OP3,FrontFloodUDRCollectHIMAX,37.411,0.2202,59.356,0.0817
G501_COMBO2_N4,91MBA01828,OP3,FrontFloodUDRCollectHIMAX,38.038,0.2353,59.8785,0.0903
G501_COMBO2_N4,91NBA02091,OP1,FrontFloodUDRCollectHIMAX,39.8145,0.3148,61.7595,0.1326
G501_COMBO2_N4,91NBA02091,OP1,FrontFloodUDRCollectHIMAX,40.0235,0.3188,62.073,0.1349
G501_COMBO2_N4,91NBA02091,OP1,FrontFloodUDRCollectHIMAX,40.0235,0.3152,61.9685,0.1334
G501_COMBO2_N4,91NBA02091,OP2,FrontFloodUDRCollectHIMAX,40.337,0.3286,62.1775,0.1394
G501_COMBO2_N4,91NBA02091,OP2,FrontFloodUDRCollectHIMAX,40.2325,0.321,62.3865,0.1365
G501_COMBO2_N4,91NBA02091,OP2,FrontFloodUDRCollectHIMAX,40.128,0.3185,62.073,0.1339
G501_COMBO2_N4,91NBA02091,OP3,FrontFloodUDRCollectHIMAX,40.337,0.3236,62.073,0.1379
G501_COMBO2_N4,91NBA02091,OP3,FrontFloodUDRCollectHIMAX,40.128,0.3275,62.3865,0.1389
G501_COMBO2_N4,91NBA02091,OP3,FrontFloodUDRCollectHIMAX,40.337,0.3223,62.282,0.1371
G501_COMBO2_N4,91NBA02156,OP1,FrontFloodUDRCollectHIMAX,37.9335,0.2186,59.147,0.085
G501_COMBO2_N4,91NBA02156,OP1,FrontFloodUDRCollectHIMAX,38.1425,0.2269,59.356,0.0877
G501_COMBO2_N4,91NBA02156,OP1,FrontFloodUDRCollectHIMAX,38.038,0.2273,59.4605,0.0874
G501_COMBO2_N4,91NBA02156,OP2,FrontFloodUDRCollectHIMAX,38.456,0.2333,59.565,0.0902
G501_COMBO2_N4,91NBA02156,OP2,FrontFloodUDRCollectHIMAX,38.456,0.2295,59.6695,0.0907
G501_COMBO2_N4,91NBA02156,OP2,FrontFloodUDRCollectHIMAX,38.665,0.2351,59.774,0.0934
G501_COMBO2_N4,91NBA02156,OP3,FrontFloodUDRCollectHIMAX,38.7695,0.2267,59.8785,0.0938
G501_COMBO2_N4,91NBA02156,OP3,FrontFloodUDRCollectHIMAX,38.665,0.2272,60.0875,0.0941
G501_COMBO2_N4,91NBA02156,OP3,FrontFloodUDRCollectHIMAX,38.9785,0.231,60.192,0.0954
G501_COMBO2_N4,91NBA02201,OP1,FrontFloodUDRCollectHIMAX,35.6345,0.2026,59.0425,0.0713
G501_COMBO2_N4,91NBA02201,OP1,FrontFloodUDRCollectHIMAX,35.739,0.2068,59.0425,0.0733
G501_COMBO2_N4,91NBA02201,OP1,FrontFloodUDRCollectHIMAX,35.739,0.209,59.0425,0.0753
G501_COMBO2_N4,91NBA02201,OP2,FrontFloodUDRCollectHIMAX,35.739,0.2072,59.2515,0.0728
G501_COMBO2_N4,91NBA02201,OP2,FrontFloodUDRCollectHIMAX,35.8435,0.211,59.2515,0.0753
G501_COMBO2_N4,91NBA02201,OP2,FrontFloodUDRCollectHIMAX,35.8435,0.2102,59.0425,0.0757
G501_COMBO2_N4,91NBA02201,OP3,FrontFloodUDRCollectHIMAX,36.0525,0.2107,59.0425,0.0744
G501_COMBO2_N4,91NBA02201,OP3,FrontFloodUDRCollectHIMAX,35.8435,0.2067,59.0425,0.0728
G501_COMBO2_N4,91NBA02201,OP3,FrontFloodUDRCollectHIMAX,35.948,0.2074,58.938,0.0743
G501_COMBO2_N4,91NBA02219,OP1,FrontFloodUDRCollectHIMAX,35.53,0.231,59.6695,0.0858
G501_COMBO2_N4,91NBA02219,OP1,FrontFloodUDRCollectHIMAX,35.6345,0.2242,59.774,0.0852
G501_COMBO2_N4,91NBA02219,OP1,FrontFloodUDRCollectHIMAX,35.53,0.2255,59.356,0.0848
G501_COMBO2_N4,91NBA02219,OP2,FrontFloodUDRCollectHIMAX,36.157,0.21,59.356,0.0794
G501_COMBO2_N4,91NBA02219,OP2,FrontFloodUDRCollectHIMAX,35.739,0.2148,59.565,0.0816
G501_COMBO2_N4,91NBA02219,OP2,FrontFloodUDRCollectHIMAX,35.948,0.2139,59.6695,0.081
G501_COMBO2_N4,91NBA02219,OP3,FrontFloodUDRCollectHIMAX,36.0525,0.2143,59.774,0.0822
G501_COMBO2_N4,91NBA02219,OP3,FrontFloodUDRCollectHIMAX,35.948,0.2189,59.774,0.0826
G501_COMBO2_N4,91NBA02219,OP3,FrontFloodUDRCollectHIMAX,36.0525,0.2136,59.774,0.0815
