Station,SN,Operator,Phase,defect_singlet,Dark_Shading_Min,defect_couplet,Dark_Shading_Max,Dark_Shading,defect_row,defect_cluster,defect_col
G501_COMBO3_N2,91MBA01772,OP1,FrontDarkUDLCollect,0.0,4.1582,0.0,4.6119,0.4537,0.2998,0.0,0.2625
G501_COMBO3_N2,91MBA01772,OP1,FrontDarkUDLCollect,0.0,4.1748,0.0,4.5869,0.4121,0.3971,0.0,0.2103
G501_COMBO3_N2,91MBA01772,OP1,FrontDarkUDLCollect,0.0,4.1322,0.0,4.5203,0.3881,0.3102,0.0,0.2488
G501_COMBO3_N2,91MBA01772,OP2,FrontDarkUDLCollect,0.0,4.155,0.0,4.5432,0.3881,0.3608,0.0,0.2215
G501_COMBO3_N2,91MBA01772,OP2,FrontDarkUDLCollect,0.0,4.0739,0.0,4.487,0.4131,0.3521,0.0,0.2181
G501_COMBO3_N2,91MBA01772,OP2,FrontDarkUDLCollect,0.0,4.1124,0.0,4.5619,0.4495,0.3493,0.0,0.1975
G501_COMBO3_N2,91MBA01772,OP3,FrontDarkUDLCollect,0.0,4.2081,0.0,4.6462,0.4381,0.4178,0.0,0.2292
G501_COMBO3_N2,91MBA01772,OP3,FrontDarkUDLCollect,0.0,4.1165,0.0,4.5213,0.4048,0.3179,0.0,0.2427
G501_COMBO3_N2,91MBA01772,OP3,FrontDarkUDLCollect,0.0,4.1051,0.0,4.514,0.4089,0.4545,0.0,0.2311
G501_COMBO3_N2,91MBA01803,OP1,FrontDarkUDLCollect,0.0,4.1665,0.0,4.6514,0.4849,0.3603,0.0,0.441
G501_COMBO3_N2,91MBA01803,OP1,FrontDarkUDLCollect,0.0,4.2258,0.0,4.6847,0.4589,0.373,0.0,0.2908
G501_COMBO3_N2,91MBA01803,OP1,FrontDarkUDLCollect,0.0,4.1582,0.0,4.5931,0.435,0.3946,0.0,0.3021
G501_COMBO3_N2,91MBA01803,OP2,FrontDarkUDLCollect,0.0,4.1821,0.0,4.616,0.4339,0.3842,0.0,0.2746
G501_COMBO3_N2,91MBA01803,OP2,FrontDarkUDLCollect,0.0,4.2924,0.0,4.719,0.4266,0.3775,0.0,0.3749
G501_COMBO3_N2,91MBA01803,OP2,FrontDarkUDLCollect,0.0,4.1883,0.0,4.6524,0.4641,0.4713,0.0,0.3232
G501_COMBO3_N2,91MBA01803,OP3,FrontDarkUDLCollect,0.0,4.2404,0.0,4.7076,0.4672,0.359,0.0,0.175
G501_COMBO3_N2,91MBA01803,OP3,FrontDarkUDLCollect,0.0,4.2164,0.0,4.6431,0.4266,0.3754,0.0,0.3064
G501_COMBO3_N2,91MBA01803,OP3,FrontDarkUDLCollect,0.0,4.2643,0.0,4.7076,0.4433,0.5066,0.0,0.3225
G501_COMBO3_N2,91MBA01805,OP1,FrontDarkUDLCollect,0.0,3.975,0.0,4.4194,0.4443,0.3967,0.0,0.2026
G501_COMBO3_N2,91MBA01805,OP1,FrontDarkUDLCollect,0.0,4.0895,0.0,4.5286,0.4391,0.4063,0.0,0.193
G501_COMBO3_N2,91MBA01805,OP1,FrontDarkUDLCollect,0.0,4.1207,0.0,4.5744,0.4537,0.4359,0.0,0.1853
G501_COMBO3_N2,91MBA01805,OP2,FrontDarkUDLCollect,0.0,4.0905,0.0,4.4912,0.4006,0.2736,0.0,0.1719
G501_COMBO3_N2,91MBA01805,OP2,FrontDarkUDLCollect,0.0,4.1249,0.0,4.5307,0.4058,0.3033,0.0,0.1982
G501_COMBO3_N2,91MBA01805,OP2,FrontDarkUDLCollect,0.0,4.0718,0.0,4.4735,0.4017,0.4374,0.0,0.2385
G501_COMBO3_N2,91MBA01805,OP3,FrontDarkUDLCollect,0.0,4.1852,0.0,4.6108,0.4256,0.3989,0.0,0.2044
G501_COMBO3_N2,91MBA01805,OP3,FrontDarkUDLCollect,0.0,4.0624,0.0,4.513,0.4506,0.3537,0.0,0.1749
G501_COMBO3_N2,91MBA01805,OP3,FrontDarkUDLCollect,0.0,4.0468,0.0,4.4641,0.4173,0.4634,0.0,0.2115
G501_COMBO3_N2,91MBA01816,OP1,FrontDarkUDLCollect,0.0,4.1998,0.0,4.6722,0.4724,0.358,0.0,0.2475
G501_COMBO3_N2,91MBA01816,OP1,FrontDarkUDLCollect,0.0,4.2175,0.0,4.6556,0.4381,0.4189,0.0,0.247
G501_COMBO3_N2,91MBA01816,OP1,FrontDarkUDLCollect,0.0,4.2112,0.0,4.6067,0.3954,0.388,0.0,0.1852
G501_COMBO3_N2,91MBA01816,OP2,FrontDarkUDLCollect,0.0,4.1925,0.0,4.6202,0.4277,0.2629,0.0,0.1943
G501_COMBO3_N2,91MBA01816,OP2,FrontDarkUDLCollect,0.0,4.2612,0.0,4.6733,0.4121,0.3353,0.0,0.19
G501_COMBO3_N2,91MBA01816,OP2,FrontDarkUDLCollect,0.0,4.2112,0.0,4.6025,0.3913,0.2825,0.0,0.2426
G501_COMBO3_N2,91MBA01816,OP3,FrontDarkUDLCollect,0.0,4.2196,0.0,4.6202,0.4006,0.436,0.0,0.1682
G501_COMBO3_N2,91MBA01816,OP3,FrontDarkUDLCollect,0.0,4.2477,0.0,4.6764,0.4287,0.3542,0.0,0.1906
G501_COMBO3_N2,91MBA01816,OP3,FrontDarkUDLCollect,0.0,4.206,0.0,4.6077,0.4017,0.3951,0.0,0.188
G501_COMBO3_N2,91MBA01824,OP1,FrontDarkUDLCollect,0.0,4.1301,0.0,4.5432,0.4131,0.4623,0.0,0.2951
G501_COMBO3_N2,91MBA01824,OP1,FrontDarkUDLCollect,0.0,4.0937,0.0,4.5359,0.4422,0.399,0.0,0.3063
G501_COMBO3_N2,91MBA01824,OP1,FrontDarkUDLCollect,0.0,4.1655,0.0,4.5838,0.4183,0.2797,0.0,0.3207
G501_COMBO3_N2,91MBA01824,OP2,FrontDarkUDLCollect,0.0,4.0375,0.0,4.5317,0.4943,0.3499,0.0,0.272
G501_COMBO3_N2,91MBA01824,OP2,FrontDarkUDLCollect,0.0,4.1124,0.0,4.5817,0.4693,0.3393,0.0,0.2241
G501_COMBO3_N2,91MBA01824,OP2,FrontDarkUDLCollect,1.0,4.0489,0.0,4.5068,0.4579,0.3438,0.0,0.318
G501_COMBO3_N2,91MBA01824,OP3,FrontDarkUDLCollect,1.0,4.1665,0.0,4.589,0.4225,0.3786,0.0,0.2911
G501_COMBO3_N2,91MBA01824,OP3,FrontDarkUDLCollect,1.0,4.1342,0.0,4.6191,0.4849,0.3715,0.0,0.2346
G501_COMBO3_N2,91MBA01824,OP3,FrontDarkUDLCollect,1.0,4.0884,0.0,4.514,0.4256,0.3405,0.0,0.3609
G501_COMBO3_N2,91MBA01828,OP1,FrontDarkUDLCollect,0.0,3.9272,0.0,4.3132,0.3861,0.373,0.0,0.1599
G501_COMBO3_N2,91MBA01828,OP1,FrontDarkUDLCollect,0.0,3.8772,0.0,4.2404,0.3632,0.3413,0.0,0.1815
G501_COMBO3_N2,91MBA01828,OP1,FrontDarkUDLCollect,0.0,3.9657,0.0,4.3652,0.3996,0.3152,0.0,0.2204
G501_COMBO3_N2,91MBA01828,OP2,FrontDarkUDLCollect,0.0,3.8741,0.0,4.2373,0.3632,0.3063,0.0,0.2569
G501_COMBO3_N2,91MBA01828,OP2,FrontDarkUDLCollect,0.0,3.8887,0.0,4.3039,0.4152,0.3286,0.0,0.2121
G501_COMBO3_N2,91MBA01828,OP2,FrontDarkUDLCollect,0.0,3.9324,0.0,4.2872,0.3548,0.3252,0.0,0.2091
G501_COMBO3_N2,91MBA01828,OP3,FrontDarkUDLCollect,0.0,3.9511,0.0,4.358,0.4069,0.3609,0.0,0.2026
G501_COMBO3_N2,91MBA01828,OP3,FrontDarkUDLCollect,0.0,3.9719,0.0,4.3757,0.4037,0.3494,0.0,0.284
G501_COMBO3_N2,91MBA01828,OP3,FrontDarkUDLCollect,0.0,3.8554,0.0,4.2664,0.411,0.3146,0.0,0.2031
G501_COMBO3_N2,91NBA02091,OP1,FrontDarkUDLCollect,0.0,4.0031,0.0,4.4516,0.4485,0.3861,0.0,0.204
G501_COMBO3_N2,91NBA02091,OP1,FrontDarkUDLCollect,0.0,3.9646,0.0,4.435,0.4703,0.3004,0.0,0.1897
G501_COMBO3_N2,91NBA02091,OP1,FrontDarkUDLCollect,0.0,3.8762,0.0,4.3569,0.4807,0.2913,0.0,0.2031
G501_COMBO3_N2,91NBA02091,OP2,FrontDarkUDLCollect,0.0,4.0531,0.0,4.4932,0.4402,0.3122,0.0,0.1965
G501_COMBO3_N2,91NBA02091,OP2,FrontDarkUDLCollect,0.0,3.974,0.0,4.4246,0.4506,0.4362,0.0,0.2223
G501_COMBO3_N2,91NBA02091,OP2,FrontDarkUDLCollect,0.0,4.0718,0.0,4.5099,0.4381,0.3523,0.0,0.1815
G501_COMBO3_N2,91NBA02091,OP3,FrontDarkUDLCollect,0.0,3.9116,0.0,4.3684,0.4568,0.3726,0.0,0.2169
G501_COMBO3_N2,91NBA02091,OP3,FrontDarkUDLCollect,0.0,4.0042,0.0,4.4204,0.4162,0.3521,0.0,0.2155
G501_COMBO3_N2,91NBA02091,OP3,FrontDarkUDLCollect,0.0,3.999,0.0,4.4391,0.4402,0.3767,0.0,0.2038
G501_COMBO3_N2,91NBA02156,OP1,FrontDarkUDLCollect,0.0,3.9646,0.0,4.3736,0.4089,0.4285,0.0,0.2346
G501_COMBO3_N2,91NBA02156,OP1,FrontDarkUDLCollect,0.0,4.0437,0.0,4.4329,0.3892,0.4233,0.0,0.2089
G501_COMBO3_N2,91NBA02156,OP1,FrontDarkUDLCollect,0.0,3.9334,0.0,4.3663,0.4329,0.4946,0.0,0.216
G501_COMBO3_N2,91NBA02156,OP2,FrontDarkUDLCollect,0.0,4.0645,0.0,4.4995,0.435,0.3808,0.0,0.1944
G501_COMBO3_N2,91NBA02156,OP2,FrontDarkUDLCollect,0.0,4.0125,0.0,4.4516,0.4391,0.2965,0.0,0.1736
G501_COMBO3_N2,91NBA02156,OP2,FrontDarkUDLCollect,0.0,3.9844,0.0,4.3985,0.4142,0.3902,0.0,0.1924
G501_COMBO3_N2,91NBA02156,OP3,FrontDarkUDLCollect,0.0,3.975,0.0,4.3611,0.3861,0.4184,0.0,0.1921
G501_COMBO3_N2,91NBA02156,OP3,FrontDarkUDLCollect,0.0,4.052,0.0,4.4485,0.3965,0.2996,0.0,0.1984
G501_COMBO3_N2,91NBA02156,OP3,FrontDarkUDLCollect,0.0,3.9511,0.0,4.3871,0.436,0.3818,0.0,0.2354
G501_COMBO3_N2,91NBA02201,OP1,FrontDarkUDLCollect,0.0,4.0645,0.0,4.4901,0.4256,0.4059,0.0,0.351
G501_COMBO3_N2,91NBA02201,OP1,FrontDarkUDLCollect,0.0,3.9053,0.0,4.3444,0.4391,0.4094,0.0,0.3641
G501_COMBO3_N2,91NBA02201,OP1,FrontDarkUDLCollect,0.0,3.9969,0.0,4.5172,0.5203,0.3104,0.0,0.3469
G501_COMBO3_N2,91NBA02201,OP2,FrontDarkUDLCollect,0.0,4.0031,0.0,4.5328,0.5297,0.3231,0.0,0.3775
G501_COMBO3_N2,91NBA02201,OP2,FrontDarkUDLCollect,0.0,4.1134,0.0,4.5765,0.4631,0.5104,0.0,0.3018
G501_COMBO3_N2,91NBA02201,OP2,FrontDarkUDLCollect,0.0,4.077,0.0,4.5505,0.4735,0.365,0.0,0.3029
G501_COMBO3_N2,91NBA02201,OP3,FrontDarkUDLCollect,0.0,3.9938,0.0,4.461,0.4672,0.4297,0.0,0.3656
G501_COMBO3_N2,91NBA02201,OP3,FrontDarkUDLCollect,0.0,4.0062,0.0,4.461,0.4547,0.4023,0.0,0.301
G501_COMBO3_N2,91NBA02201,OP3,FrontDarkUDLCollect,0.0,4.0083,0.0,4.41,0.4017,0.3257,0.0,0.2964
G501_COMBO3_N2,91NBA02219,OP1,FrontDarkUDLCollect,2.0,4.0853,0.0,4.6514,0.5661,0.4683,0.0,0.2897
G501_COMBO3_N2,91NBA02219,OP1,FrontDarkUDLCollect,1.0,4.1665,0.0,4.6483,0.4818,0.3555,0.0,0.2134
G501_COMBO3_N2,91NBA02219,OP1,FrontDarkUDLCollect,1.0,4.0593,0.0,4.5369,0.4776,0.4824,0.0,0.2111
G501_COMBO3_N2,91NBA02219,OP2,FrontDarkUDLCollect,1.0,4.1977,0.0,4.6191,0.4214,0.4387,0.0,0.1776
G501_COMBO3_N2,91NBA02219,OP2,FrontDarkUDLCollect,1.0,4.0031,0.0,4.486,0.4828,0.4062,0.0,0.1927
G501_COMBO3_N2,91NBA02219,OP2,FrontDarkUDLCollect,1.0,4.0645,0.0,4.5276,0.4631,0.4251,0.0,0.1909
G501_COMBO3_N2,91NBA02219,OP3,FrontDarkUDLCollect,1.0,4.1124,0.0,4.5765,0.4641,0.4241,0.0,0.2141
G501_COMBO3_N2,91NBA02219,OP3,FrontDarkUDLCollect,1.0,4.0739,0.0,4.5047,0.4308,0.455,0.0,0.1857
G501_COMBO3_N2,91NBA02219,OP3,FrontDarkUDLCollect,1.0,4.1093,0.0,4.5588,0.4495,0.5258,0.0,0.2275
