Station,SN,Operator,Phase,flood_height_angle,flood_global_uniformity,flood_width_angle,flood_local_uniformity
G501_COMBO2_N3,91MBA01772,OP1,FrontFloodUDRCollectHIMAX,31.559,0.1593,54.8625,0.0635
G501_COMBO2_N3,91MBA01772,OP1,FrontFloodUDRCollectHIMAX,31.35,0.1598,54.8625,0.0642
G501_COMBO2_N3,91MBA01772,OP1,FrontFloodUDRCollectHIMAX,31.559,0.1579,54.967,0.0633
G501_COMBO2_N3,91MBA01772,OP2,FrontFloodUDRCollectHIMAX,31.35,0.1567,54.758,0.0642
G501_COMBO2_N3,91MBA01772,OP2,FrontFloodUDRCollectHIMAX,31.559,0.1588,55.0715,0.063
G501_COMBO2_N3,91MBA01772,OP2,FrontFloodUDRCollectHIMAX,31.6635,0.1591,54.967,0.0625
G501_COMBO2_N3,91MBA01772,OP3,FrontFloodUDRCollectHIMAX,31.35,0.1607,54.549,0.0638
G501_COMBO2_N3,91MBA01772,OP3,FrontFloodUDRCollectHIMAX,31.2455,0.1605,54.758,0.0621
G501_COMBO2_N3,91MBA01772,OP3,FrontFloodUDRCollectHIMAX,31.4545,0.157,54.758,0.0616
G501_COMBO2_N3,91MBA01803,OP1,FrontFloodUDRCollectHIMAX,28.215,0.1516,50.369,0.0641
G501_COMBO2_N3,91MBA01803,OP1,FrontFloodUDRCollectHIMAX,28.424,0.1536,50.369,0.0644
G501_COMBO2_N3,91MBA01803,OP1,FrontFloodUDRCollectHIMAX,28.215,0.1561,50.6825,0.0651
G501_COMBO2_N3,91MBA01803,OP2,FrontFloodUDRCollectHIMAX,28.215,0.1521,50.578,0.0643
G501_COMBO2_N3,91MBA01803,OP2,FrontFloodUDRCollectHIMAX,28.5285,0.1534,50.4735,0.0649
G501_COMBO2_N3,91MBA01803,OP2,FrontFloodUDRCollectHIMAX,28.424,0.1508,50.578,0.0633
G501_COMBO2_N3,91MBA01803,OP3,FrontFloodUDRCollectHIMAX,28.7375,0.1562,51.1005,0.0629
G501_COMBO2_N3,91MBA01803,OP3,FrontFloodUDRCollectHIMAX,28.842,0.1512,50.996,0.0612
G501_COMBO2_N3,91MBA01803,OP3,FrontFloodUDRCollectHIMAX,28.842,0.1589,51.205,0.0619
G501_COMBO2_N3,91MBA01805,OP1,FrontFloodUDRCollectHIMAX,31.559,0.1891,50.2645,0.0562
G501_COMBO2_N3,91MBA01805,OP1,FrontFloodUDRCollectHIMAX,31.768,0.1942,51.205,0.0552
G501_COMBO2_N3,91MBA01805,OP1,FrontFloodUDRCollectHIMAX,31.768,0.1952,51.1005,0.0555
G501_COMBO2_N3,91MBA01805,OP2,FrontFloodUDRCollectHIMAX,31.2455,0.1904,50.2645,0.0575
G501_COMBO2_N3,91MBA01805,OP2,FrontFloodUDRCollectHIMAX,31.35,0.19,50.0555,0.0574
G501_COMBO2_N3,91MBA01805,OP2,FrontFloodUDRCollectHIMAX,30.514,0.1753,50.369,0.055
G501_COMBO2_N3,91MBA01805,OP3,FrontFloodUDRCollectHIMAX,31.141,0.1946,50.16,0.0571
G501_COMBO2_N3,91MBA01805,OP3,FrontFloodUDRCollectHIMAX,30.6185,0.1762,50.4735,0.0544
G501_COMBO2_N3,91MBA01805,OP3,FrontFloodUDRCollectHIMAX,31.0365,0.1828,50.578,0.0543
G501_COMBO2_N3,91MBA01816,OP1,FrontFloodUDRCollectHIMAX,31.559,0.162,55.4895,0.0575
G501_COMBO2_N3,91MBA01816,OP1,FrontFloodUDRCollectHIMAX,31.4545,0.1671,55.2805,0.0598
G501_COMBO2_N3,91MBA01816,OP1,FrontFloodUDRCollectHIMAX,31.35,0.165,55.2805,0.0605
G501_COMBO2_N3,91MBA01816,OP2,FrontFloodUDRCollectHIMAX,31.35,0.1617,54.758,0.0605
G501_COMBO2_N3,91MBA01816,OP2,FrontFloodUDRCollectHIMAX,31.35,0.1637,54.967,0.0603
G501_COMBO2_N3,91MBA01816,OP2,FrontFloodUDRCollectHIMAX,31.35,0.1651,54.758,0.0613
G501_COMBO2_N3,91MBA01816,OP3,FrontFloodUDRCollectHIMAX,31.2455,0.164,55.4895,0.0616
G501_COMBO2_N3,91MBA01816,OP3,FrontFloodUDRCollectHIMAX,30.932,0.1614,55.2805,0.0599
G501_COMBO2_N3,91MBA01816,OP3,FrontFloodUDRCollectHIMAX,30.8275,0.1628,55.2805,0.0609
G501_COMBO2_N3,91MBA01824,OP1,FrontFloodUDRCollectHIMAX,28.9465,0.1679,45.353,0.0621
G501_COMBO2_N3,91MBA01824,OP1,FrontFloodUDRCollectHIMAX,28.9465,0.1662,45.144,0.0638
G501_COMBO2_N3,91MBA01824,OP1,FrontFloodUDRCollectHIMAX,28.633,0.1683,45.353,0.0624
G501_COMBO2_N3,91MBA01824,OP2,FrontFloodUDRCollectHIMAX,28.633,0.1644,45.2485,0.0629
G501_COMBO2_N3,91MBA01824,OP2,FrontFloodUDRCollectHIMAX,29.3645,0.1712,45.562,0.0639
G501_COMBO2_N3,91MBA01824,OP2,FrontFloodUDRCollectHIMAX,29.3645,0.1697,45.353,0.0631
G501_COMBO2_N3,91MBA01824,OP3,FrontFloodUDRCollectHIMAX,29.3645,0.1719,45.353,0.0632
G501_COMBO2_N3,91MBA01824,OP3,FrontFloodUDRCollectHIMAX,29.469,0.1687,45.771,0.0631
G501_COMBO2_N3,91MBA01824,OP3,FrontFloodUDRCollectHIMAX,29.5735,0.1705,45.771,0.0641
G501_COMBO2_N3,91MBA01828,OP1,FrontFloodUDRCollectHIMAX,29.678,0.1593,53.6085,0.0657
G501_COMBO2_N3,91MBA01828,OP1,FrontFloodUDRCollectHIMAX,29.5735,0.1623,53.504,0.0662
G501_COMBO2_N3,91MBA01828,OP1,FrontFloodUDRCollectHIMAX,29.5735,0.1647,53.6085,0.066
G501_COMBO2_N3,91MBA01828,OP2,FrontFloodUDRCollectHIMAX,29.5735,0.1605,53.713,0.0647
G501_COMBO2_N3,91MBA01828,OP2,FrontFloodUDRCollectHIMAX,29.678,0.1644,53.713,0.0651
G501_COMBO2_N3,91MBA01828,OP2,FrontFloodUDRCollectHIMAX,29.469,0.1636,53.713,0.0658
G501_COMBO2_N3,91MBA01828,OP3,FrontFloodUDRCollectHIMAX,29.469,0.1652,53.504,0.0663
G501_COMBO2_N3,91MBA01828,OP3,FrontFloodUDRCollectHIMAX,29.5735,0.167,53.6085,0.0664
G501_COMBO2_N3,91MBA01828,OP3,FrontFloodUDRCollectHIMAX,29.469,0.1681,53.6085,0.0652
G501_COMBO2_N3,91NBA02091,OP1,FrontFloodUDRCollectHIMAX,33.3355,0.2097,57.266,0.0655
G501_COMBO2_N3,91NBA02091,OP1,FrontFloodUDRCollectHIMAX,33.3355,0.2102,57.057,0.0658
G501_COMBO2_N3,91NBA02091,OP1,FrontFloodUDRCollectHIMAX,33.231,0.2076,57.1615,0.0642
G501_COMBO2_N3,91NBA02091,OP2,FrontFloodUDRCollectHIMAX,33.3355,0.2079,57.057,0.0647
G501_COMBO2_N3,91NBA02091,OP2,FrontFloodUDRCollectHIMAX,33.231,0.211,56.9525,0.0644
G501_COMBO2_N3,91NBA02091,OP2,FrontFloodUDRCollectHIMAX,33.3355,0.209,57.057,0.0653
G501_COMBO2_N3,91NBA02091,OP3,FrontFloodUDRCollectHIMAX,33.022,0.2046,56.848,0.064
G501_COMBO2_N3,91NBA02091,OP3,FrontFloodUDRCollectHIMAX,33.022,0.2043,56.7435,0.0633
G501_COMBO2_N3,91NBA02091,OP3,FrontFloodUDRCollectHIMAX,32.9175,0.2022,56.639,0.0624
G501_COMBO2_N3,91NBA02156,OP1,FrontFloodUDRCollectHIMAX,31.4545,0.1742,54.0265,0.0569
G501_COMBO2_N3,91NBA02156,OP1,FrontFloodUDRCollectHIMAX,31.6635,0.1865,54.34,0.056
G501_COMBO2_N3,91NBA02156,OP1,FrontFloodUDRCollectHIMAX,31.35,0.1725,53.504,0.0597
G501_COMBO2_N3,91NBA02156,OP2,FrontFloodUDRCollectHIMAX,31.35,0.1703,53.504,0.0585
G501_COMBO2_N3,91NBA02156,OP2,FrontFloodUDRCollectHIMAX,31.6635,0.172,53.6085,0.0578
G501_COMBO2_N3,91NBA02156,OP2,FrontFloodUDRCollectHIMAX,31.8725,0.172,54.0265,0.0587
G501_COMBO2_N3,91NBA02156,OP3,FrontFloodUDRCollectHIMAX,31.768,0.1701,54.131,0.0592
G501_COMBO2_N3,91NBA02156,OP3,FrontFloodUDRCollectHIMAX,31.559,0.1763,54.0265,0.0576
G501_COMBO2_N3,91NBA02156,OP3,FrontFloodUDRCollectHIMAX,31.4545,0.1723,53.922,0.0583
G501_COMBO2_N3,91NBA02201,OP1,FrontFloodUDRCollectHIMAX,28.7375,0.1545,48.488,0.0646
G501_COMBO2_N3,91NBA02201,OP1,FrontFloodUDRCollectHIMAX,29.1555,0.1605,48.697,0.0667
G501_COMBO2_N3,91NBA02201,OP1,FrontFloodUDRCollectHIMAX,29.051,0.1548,49.115,0.0628
G501_COMBO2_N3,91NBA02201,OP2,FrontFloodUDRCollectHIMAX,29.051,0.1507,48.906,0.0647
G501_COMBO2_N3,91NBA02201,OP2,FrontFloodUDRCollectHIMAX,29.1555,0.1592,49.951,0.0656
G501_COMBO2_N3,91NBA02201,OP2,FrontFloodUDRCollectHIMAX,28.633,0.1601,48.07,0.0624
G501_COMBO2_N3,91NBA02201,OP3,FrontFloodUDRCollectHIMAX,28.3195,0.1594,48.488,0.062
G501_COMBO2_N3,91NBA02201,OP3,FrontFloodUDRCollectHIMAX,28.424,0.1523,48.3835,0.0627
G501_COMBO2_N3,91NBA02201,OP3,FrontFloodUDRCollectHIMAX,28.424,0.1546,48.279,0.0633
G501_COMBO2_N3,91NBA02219,OP1,FrontFloodUDRCollectHIMAX,28.7375,0.1657,53.922,0.0677
G501_COMBO2_N3,91NBA02219,OP1,FrontFloodUDRCollectHIMAX,28.9465,0.1639,53.713,0.0656
G501_COMBO2_N3,91NBA02219,OP1,FrontFloodUDRCollectHIMAX,29.469,0.1679,53.8175,0.069
G501_COMBO2_N3,91NBA02219,OP2,FrontFloodUDRCollectHIMAX,29.051,0.1628,53.8175,0.0653
G501_COMBO2_N3,91NBA02219,OP2,FrontFloodUDRCollectHIMAX,29.5735,0.166,54.34,0.0676
G501_COMBO2_N3,91NBA02219,OP2,FrontFloodUDRCollectHIMAX,29.3645,0.1652,53.8175,0.0664
G501_COMBO2_N3,91NBA02219,OP3,FrontFloodUDRCollectHIMAX,29.469,0.1635,53.8175,0.0661
G501_COMBO2_N3,91NBA02219,OP3,FrontFloodUDRCollectHIMAX,29.5735,0.1707,54.2355,0.0695
G501_COMBO2_N3,91NBA02219,OP3,FrontFloodUDRCollectHIMAX,28.633,0.1606,52.9815,0.0641
