Station,SN,Operator,Phase,flood_height_angle,flood_global_uniformity,flood_width_angle,flood_local_uniformity
G501_COMBO2_N3,91MBA01772,OP1,FrontFloodUDLCollectHIMAX,35.6345,0.2658,56.7435,0.0896
G501_COMBO2_N3,91MBA01772,OP1,FrontFloodUDLCollectHIMAX,35.739,0.2636,56.639,0.0879
G501_COMBO2_N3,91MBA01772,OP1,FrontFloodUDLCollectHIMAX,35.6345,0.268,56.848,0.0885
G501_COMBO2_N3,91MBA01772,OP2,FrontFloodUDLCollectHIMAX,35.8435,0.2723,56.5345,0.089
G501_COMBO2_N3,91MBA01772,OP2,FrontFloodUDLCollectHIMAX,35.6345,0.264,56.639,0.0873
G501_COMBO2_N3,91MBA01772,OP2,FrontFloodUDLCollectHIMAX,35.8435,0.2712,56.848,0.0901
G501_COMBO2_N3,91MBA01772,OP3,FrontFloodUDLCollectHIMAX,35.739,0.2637,56.7435,0.0879
G501_COMBO2_N3,91MBA01772,OP3,FrontFloodUDLCollectHIMAX,35.739,0.2584,57.057,0.0903
G501_COMBO2_N3,91MBA01772,OP3,FrontFloodUDLCollectHIMAX,35.739,0.2605,56.7435,0.0868
G501_COMBO2_N3,91MBA01803,OP1,FrontFloodUDLCollectHIMAX,32.0815,0.188,54.0265,0.0617
G501_COMBO2_N3,91MBA01803,OP1,FrontFloodUDLCollectHIMAX,33.1265,0.1961,54.2355,0.0649
G501_COMBO2_N3,91MBA01803,OP1,FrontFloodUDLCollectHIMAX,33.3355,0.1911,54.6535,0.0645
G501_COMBO2_N3,91MBA01803,OP2,FrontFloodUDLCollectHIMAX,33.022,0.2006,54.549,0.0642
G501_COMBO2_N3,91MBA01803,OP2,FrontFloodUDLCollectHIMAX,33.231,0.198,54.8625,0.0629
G501_COMBO2_N3,91MBA01803,OP2,FrontFloodUDLCollectHIMAX,33.44,0.1932,54.758,0.0623
G501_COMBO2_N3,91MBA01803,OP3,FrontFloodUDLCollectHIMAX,33.649,0.2011,55.176,0.0631
G501_COMBO2_N3,91MBA01803,OP3,FrontFloodUDLCollectHIMAX,33.858,0.2,55.0715,0.0623
G501_COMBO2_N3,91MBA01803,OP3,FrontFloodUDLCollectHIMAX,33.5445,0.1941,54.967,0.0617
G501_COMBO2_N3,91MBA01805,OP1,FrontFloodUDLCollectHIMAX,35.4255,0.2262,55.176,0.0691
G501_COMBO2_N3,91MBA01805,OP1,FrontFloodUDLCollectHIMAX,35.53,0.2314,55.4895,0.0697
G501_COMBO2_N3,91MBA01805,OP1,FrontFloodUDLCollectHIMAX,35.53,0.2346,55.385,0.0681
G501_COMBO2_N3,91MBA01805,OP2,FrontFloodUDLCollectHIMAX,35.53,0.2243,54.967,0.0687
G501_COMBO2_N3,91MBA01805,OP2,FrontFloodUDLCollectHIMAX,35.6345,0.2289,55.176,0.0694
G501_COMBO2_N3,91MBA01805,OP2,FrontFloodUDLCollectHIMAX,35.4255,0.2251,54.758,0.0676
G501_COMBO2_N3,91MBA01805,OP3,FrontFloodUDLCollectHIMAX,35.321,0.223,54.8625,0.0667
G501_COMBO2_N3,91MBA01805,OP3,FrontFloodUDLCollectHIMAX,35.53,0.2233,54.8625,0.0665
G501_COMBO2_N3,91MBA01805,OP3,FrontFloodUDLCollectHIMAX,35.4255,0.2273,54.758,0.0661
G501_COMBO2_N3,91MBA01816,OP1,FrontFloodUDLCollectHIMAX,32.604,0.1777,54.2355,0.0646
G501_COMBO2_N3,91MBA01816,OP1,FrontFloodUDLCollectHIMAX,32.4995,0.1796,54.34,0.0634
G501_COMBO2_N3,91MBA01816,OP1,FrontFloodUDLCollectHIMAX,32.7085,0.1773,54.131,0.0643
G501_COMBO2_N3,91MBA01816,OP2,FrontFloodUDLCollectHIMAX,32.604,0.1772,54.34,0.0665
G501_COMBO2_N3,91MBA01816,OP2,FrontFloodUDLCollectHIMAX,32.7085,0.1762,54.549,0.0653
G501_COMBO2_N3,91MBA01816,OP2,FrontFloodUDLCollectHIMAX,32.395,0.175,54.2355,0.0662
G501_COMBO2_N3,91MBA01816,OP3,FrontFloodUDLCollectHIMAX,33.022,0.1877,54.34,0.0636
G501_COMBO2_N3,91MBA01816,OP3,FrontFloodUDLCollectHIMAX,33.231,0.1936,54.34,0.0625
G501_COMBO2_N3,91MBA01816,OP3,FrontFloodUDLCollectHIMAX,33.3355,0.1864,54.2355,0.0721
G501_COMBO2_N3,91MBA01824,OP1,FrontFloodUDLCollectHIMAX,32.0815,0.1767,52.5635,0.0651
G501_COMBO2_N3,91MBA01824,OP1,FrontFloodUDLCollectHIMAX,31.768,0.1773,52.877,0.066
G501_COMBO2_N3,91MBA01824,OP1,FrontFloodUDLCollectHIMAX,32.2905,0.1805,52.7725,0.0687
G501_COMBO2_N3,91MBA01824,OP2,FrontFloodUDLCollectHIMAX,31.977,0.1809,53.086,0.0656
G501_COMBO2_N3,91MBA01824,OP2,FrontFloodUDLCollectHIMAX,32.2905,0.1777,52.668,0.0687
G501_COMBO2_N3,91MBA01824,OP2,FrontFloodUDLCollectHIMAX,31.8725,0.1763,53.3995,0.0662
G501_COMBO2_N3,91MBA01824,OP3,FrontFloodUDLCollectHIMAX,31.977,0.1768,52.3545,0.0647
G501_COMBO2_N3,91MBA01824,OP3,FrontFloodUDLCollectHIMAX,31.8725,0.1794,51.9365,0.0649
G501_COMBO2_N3,91MBA01824,OP3,FrontFloodUDLCollectHIMAX,31.768,0.184,52.7725,0.0661
G501_COMBO2_N3,91MBA01828,OP1,FrontFloodUDLCollectHIMAX,32.813,0.1893,51.414,0.0679
G501_COMBO2_N3,91MBA01828,OP1,FrontFloodUDLCollectHIMAX,32.7085,0.1902,51.623,0.0682
G501_COMBO2_N3,91MBA01828,OP1,FrontFloodUDLCollectHIMAX,32.7085,0.1847,51.414,0.0686
G501_COMBO2_N3,91MBA01828,OP2,FrontFloodUDLCollectHIMAX,32.813,0.191,51.414,0.0671
G501_COMBO2_N3,91MBA01828,OP2,FrontFloodUDLCollectHIMAX,32.7085,0.1912,51.5185,0.069
G501_COMBO2_N3,91MBA01828,OP2,FrontFloodUDLCollectHIMAX,32.813,0.187,51.623,0.069
G501_COMBO2_N3,91MBA01828,OP3,FrontFloodUDLCollectHIMAX,32.813,0.1883,51.623,0.0689
G501_COMBO2_N3,91MBA01828,OP3,FrontFloodUDLCollectHIMAX,32.813,0.1901,51.5185,0.0705
G501_COMBO2_N3,91MBA01828,OP3,FrontFloodUDLCollectHIMAX,32.813,0.1853,51.7275,0.0696
G501_COMBO2_N3,91NBA02091,OP1,FrontFloodUDLCollectHIMAX,34.7985,0.2387,56.639,0.0804
G501_COMBO2_N3,91NBA02091,OP1,FrontFloodUDLCollectHIMAX,34.903,0.2367,56.7435,0.0791
G501_COMBO2_N3,91NBA02091,OP1,FrontFloodUDLCollectHIMAX,34.903,0.2275,56.5345,0.076
G501_COMBO2_N3,91NBA02091,OP2,FrontFloodUDLCollectHIMAX,34.7985,0.225,56.9525,0.0745
G501_COMBO2_N3,91NBA02091,OP2,FrontFloodUDLCollectHIMAX,34.7985,0.2386,57.266,0.0783
G501_COMBO2_N3,91NBA02091,OP2,FrontFloodUDLCollectHIMAX,34.903,0.2292,57.1615,0.0763
G501_COMBO2_N3,91NBA02091,OP3,FrontFloodUDLCollectHIMAX,34.7985,0.2423,57.5795,0.0769
G501_COMBO2_N3,91NBA02091,OP3,FrontFloodUDLCollectHIMAX,34.903,0.2379,58.102,0.0765
G501_COMBO2_N3,91NBA02091,OP3,FrontFloodUDLCollectHIMAX,34.903,0.2405,57.684,0.077
G501_COMBO2_N3,91NBA02156,OP1,FrontFloodUDLCollectHIMAX,33.649,0.2117,55.2805,0.0617
G501_COMBO2_N3,91NBA02156,OP1,FrontFloodUDLCollectHIMAX,33.5445,0.1939,55.176,0.0635
G501_COMBO2_N3,91NBA02156,OP1,FrontFloodUDLCollectHIMAX,33.7535,0.2138,55.385,0.0604
G501_COMBO2_N3,91NBA02156,OP2,FrontFloodUDLCollectHIMAX,33.5445,0.2086,55.4895,0.0614
G501_COMBO2_N3,91NBA02156,OP2,FrontFloodUDLCollectHIMAX,33.44,0.2107,55.385,0.0628
G501_COMBO2_N3,91NBA02156,OP2,FrontFloodUDLCollectHIMAX,33.44,0.2132,55.4895,0.0628
G501_COMBO2_N3,91NBA02156,OP3,FrontFloodUDLCollectHIMAX,33.44,0.2114,55.594,0.0634
G501_COMBO2_N3,91NBA02156,OP3,FrontFloodUDLCollectHIMAX,33.44,0.2088,55.594,0.0634
G501_COMBO2_N3,91NBA02156,OP3,FrontFloodUDLCollectHIMAX,33.3355,0.2175,55.6985,0.0631
G501_COMBO2_N3,91NBA02201,OP1,FrontFloodUDLCollectHIMAX,33.1265,0.1972,56.012,0.0664
G501_COMBO2_N3,91NBA02201,OP1,FrontFloodUDLCollectHIMAX,33.231,0.1942,56.43,0.0669
G501_COMBO2_N3,91NBA02201,OP1,FrontFloodUDLCollectHIMAX,33.231,0.1951,56.5345,0.066
G501_COMBO2_N3,91NBA02201,OP2,FrontFloodUDLCollectHIMAX,33.022,0.1973,55.4895,0.0665
G501_COMBO2_N3,91NBA02201,OP2,FrontFloodUDLCollectHIMAX,33.022,0.2008,56.43,0.0664
G501_COMBO2_N3,91NBA02201,OP2,FrontFloodUDLCollectHIMAX,33.3355,0.1961,56.5345,0.0646
G501_COMBO2_N3,91NBA02201,OP3,FrontFloodUDLCollectHIMAX,31.559,0.2008,55.176,0.0647
G501_COMBO2_N3,91NBA02201,OP3,FrontFloodUDLCollectHIMAX,31.6635,0.2043,56.3255,0.0639
G501_COMBO2_N3,91NBA02201,OP3,FrontFloodUDLCollectHIMAX,31.768,0.1975,55.176,0.0647
G501_COMBO2_N3,91NBA02219,OP1,FrontFloodUDLCollectHIMAX,33.44,0.2155,54.8625,0.0676
G501_COMBO2_N3,91NBA02219,OP1,FrontFloodUDLCollectHIMAX,33.649,0.2202,55.176,0.068
G501_COMBO2_N3,91NBA02219,OP1,FrontFloodUDLCollectHIMAX,33.7535,0.2202,55.176,0.0678
G501_COMBO2_N3,91NBA02219,OP2,FrontFloodUDLCollectHIMAX,33.649,0.2198,55.2805,0.068
G501_COMBO2_N3,91NBA02219,OP2,FrontFloodUDLCollectHIMAX,33.7535,0.2199,55.2805,0.0675
G501_COMBO2_N3,91NBA02219,OP2,FrontFloodUDLCollectHIMAX,33.44,0.2096,54.967,0.0648
G501_COMBO2_N3,91NBA02219,OP3,FrontFloodUDLCollectHIMAX,33.3355,0.2049,54.967,0.0647
G501_COMBO2_N3,91NBA02219,OP3,FrontFloodUDLCollectHIMAX,33.3355,0.219,55.176,0.0678
G501_COMBO2_N3,91NBA02219,OP3,FrontFloodUDLCollectHIMAX,34.276,0.2059,54.758,0.0659
