Station,SN,Operator,Phase,flood_height_angle,flood_global_uniformity,flood_width_angle,flood_local_uniformity
G501_COMBO2_N4,91MBA01772,OP1,FrontFloodUDLCollectHIMAX,38.5605,0.295,60.5055,0.1197
G501_COMBO2_N4,91MBA01772,OP1,FrontFloodUDLCollectHIMAX,38.5605,0.2735,60.401,0.1182
G501_COMBO2_N4,91MBA01772,OP1,FrontFloodUDLCollectHIMAX,38.5605,0.2932,60.61,0.1207
G501_COMBO2_N4,91MBA01772,OP2,FrontFloodUDLCollectHIMAX,38.5605,0.2938,60.61,0.121
G501_COMBO2_N4,91MBA01772,OP2,FrontFloodUDLCollectHIMAX,38.5605,0.2981,60.5055,0.1187
G501_COMBO2_N4,91MBA01772,OP2,FrontFloodUDLCollectHIMAX,38.456,0.2999,60.5055,0.1203
G501_COMBO2_N4,91MBA01772,OP3,FrontFloodUDLCollectHIMAX,38.5605,0.284,60.9235,0.1247
G501_COMBO2_N4,91MBA01772,OP3,FrontFloodUDLCollectHIMAX,38.5605,0.283,60.9235,0.124
G501_COMBO2_N4,91MBA01772,OP3,FrontFloodUDLCollectHIMAX,38.456,0.2903,61.1325,0.1201
G501_COMBO2_N4,91MBA01803,OP1,FrontFloodUDLCollectHIMAX,38.247,0.2657,60.0875,0.1067
G501_COMBO2_N4,91MBA01803,OP1,FrontFloodUDLCollectHIMAX,38.3515,0.269,59.983,0.1052
G501_COMBO2_N4,91MBA01803,OP1,FrontFloodUDLCollectHIMAX,38.1425,0.2689,60.0875,0.1057
G501_COMBO2_N4,91MBA01803,OP2,FrontFloodUDLCollectHIMAX,38.038,0.2692,59.8785,0.1041
G501_COMBO2_N4,91MBA01803,OP2,FrontFloodUDLCollectHIMAX,37.9335,0.2708,59.983,0.105
G501_COMBO2_N4,91MBA01803,OP2,FrontFloodUDLCollectHIMAX,37.829,0.2692,59.8785,0.1048
G501_COMBO2_N4,91MBA01803,OP3,FrontFloodUDLCollectHIMAX,38.3515,0.2642,60.192,0.1018
G501_COMBO2_N4,91MBA01803,OP3,FrontFloodUDLCollectHIMAX,38.247,0.2662,60.2965,0.103
G501_COMBO2_N4,91MBA01803,OP3,FrontFloodUDLCollectHIMAX,38.247,0.2658,60.401,0.1054
G501_COMBO2_N4,91MBA01805,OP1,FrontFloodUDLCollectHIMAX,38.038,0.265,59.4605,0.087
G501_COMBO2_N4,91MBA01805,OP1,FrontFloodUDLCollectHIMAX,37.9335,0.2583,59.6695,0.0869
G501_COMBO2_N4,91MBA01805,OP1,FrontFloodUDLCollectHIMAX,38.1425,0.2539,59.8785,0.0879
G501_COMBO2_N4,91MBA01805,OP2,FrontFloodUDLCollectHIMAX,38.247,0.2496,59.8785,0.0891
G501_COMBO2_N4,91MBA01805,OP2,FrontFloodUDLCollectHIMAX,38.1425,0.2537,59.8785,0.0886
G501_COMBO2_N4,91MBA01805,OP2,FrontFloodUDLCollectHIMAX,38.3515,0.2533,59.8785,0.0883
G501_COMBO2_N4,91MBA01805,OP3,FrontFloodUDLCollectHIMAX,38.1425,0.2563,59.565,0.0886
G501_COMBO2_N4,91MBA01805,OP3,FrontFloodUDLCollectHIMAX,38.3515,0.2572,59.4605,0.0868
G501_COMBO2_N4,91MBA01805,OP3,FrontFloodUDLCollectHIMAX,38.3515,0.2535,59.565,0.0877
G501_COMBO2_N4,91MBA01816,OP1,FrontFloodUDLCollectHIMAX,37.5155,0.2691,59.774,0.1136
G501_COMBO2_N4,91MBA01816,OP1,FrontFloodUDLCollectHIMAX,37.5155,0.272,60.0875,0.1159
G501_COMBO2_N4,91MBA01816,OP1,FrontFloodUDLCollectHIMAX,37.7245,0.2698,60.0875,0.1159
G501_COMBO2_N4,91MBA01816,OP2,FrontFloodUDLCollectHIMAX,37.62,0.2724,60.401,0.116
G501_COMBO2_N4,91MBA01816,OP2,FrontFloodUDLCollectHIMAX,37.7245,0.2759,60.2965,0.1176
G501_COMBO2_N4,91MBA01816,OP2,FrontFloodUDLCollectHIMAX,37.62,0.2762,60.192,0.1164
G501_COMBO2_N4,91MBA01816,OP3,FrontFloodUDLCollectHIMAX,37.5155,0.2766,60.0875,0.1179
G501_COMBO2_N4,91MBA01816,OP3,FrontFloodUDLCollectHIMAX,37.62,0.2803,60.192,0.1192
G501_COMBO2_N4,91MBA01816,OP3,FrontFloodUDLCollectHIMAX,37.62,0.2794,60.0875,0.1186
G501_COMBO2_N4,91MBA01824,OP1,FrontFloodUDLCollectHIMAX,36.993,0.253,59.983,0.0987
G501_COMBO2_N4,91MBA01824,OP1,FrontFloodUDLCollectHIMAX,36.993,0.2566,60.2965,0.0996
G501_COMBO2_N4,91MBA01824,OP1,FrontFloodUDLCollectHIMAX,36.993,0.2576,60.0875,0.0995
G501_COMBO2_N4,91MBA01824,OP2,FrontFloodUDLCollectHIMAX,36.784,0.2539,59.6695,0.0962
G501_COMBO2_N4,91MBA01824,OP2,FrontFloodUDLCollectHIMAX,36.6795,0.2456,59.774,0.094
G501_COMBO2_N4,91MBA01824,OP2,FrontFloodUDLCollectHIMAX,36.575,0.2474,59.565,0.0947
G501_COMBO2_N4,91MBA01824,OP3,FrontFloodUDLCollectHIMAX,36.784,0.2467,59.6695,0.0917
G501_COMBO2_N4,91MBA01824,OP3,FrontFloodUDLCollectHIMAX,36.784,0.2436,59.774,0.0896
G501_COMBO2_N4,91MBA01824,OP3,FrontFloodUDLCollectHIMAX,36.784,0.2487,60.0875,0.0904
G501_COMBO2_N4,91MBA01828,OP1,FrontFloodUDLCollectHIMAX,36.8885,0.2147,59.2515,0.0856
G501_COMBO2_N4,91MBA01828,OP1,FrontFloodUDLCollectHIMAX,36.784,0.212,59.356,0.0836
G501_COMBO2_N4,91MBA01828,OP1,FrontFloodUDLCollectHIMAX,36.8885,0.2109,59.2515,0.0864
G501_COMBO2_N4,91MBA01828,OP2,FrontFloodUDLCollectHIMAX,36.8885,0.2135,58.8335,0.086
G501_COMBO2_N4,91MBA01828,OP2,FrontFloodUDLCollectHIMAX,36.8885,0.2176,59.2515,0.0888
G501_COMBO2_N4,91MBA01828,OP2,FrontFloodUDLCollectHIMAX,36.784,0.2091,59.2515,0.0843
G501_COMBO2_N4,91MBA01828,OP3,FrontFloodUDLCollectHIMAX,36.8885,0.216,58.6245,0.0887
G501_COMBO2_N4,91MBA01828,OP3,FrontFloodUDLCollectHIMAX,36.8885,0.2148,58.938,0.0876
G501_COMBO2_N4,91MBA01828,OP3,FrontFloodUDLCollectHIMAX,37.0975,0.2345,59.565,0.0899
G501_COMBO2_N4,91NBA02091,OP1,FrontFloodUDLCollectHIMAX,38.665,0.2899,61.028,0.1236
G501_COMBO2_N4,91NBA02091,OP1,FrontFloodUDLCollectHIMAX,38.7695,0.2926,61.1325,0.1245
G501_COMBO2_N4,91NBA02091,OP1,FrontFloodUDLCollectHIMAX,38.874,0.2983,61.237,0.1264
G501_COMBO2_N4,91NBA02091,OP2,FrontFloodUDLCollectHIMAX,39.083,0.2925,61.3415,0.1254
G501_COMBO2_N4,91NBA02091,OP2,FrontFloodUDLCollectHIMAX,39.292,0.2951,61.446,0.1262
G501_COMBO2_N4,91NBA02091,OP2,FrontFloodUDLCollectHIMAX,39.1875,0.3138,61.655,0.1284
G501_COMBO2_N4,91NBA02091,OP3,FrontFloodUDLCollectHIMAX,39.083,0.2935,61.446,0.1268
G501_COMBO2_N4,91NBA02091,OP3,FrontFloodUDLCollectHIMAX,39.292,0.2942,61.446,0.1257
G501_COMBO2_N4,91NBA02091,OP3,FrontFloodUDLCollectHIMAX,39.292,0.2949,61.3415,0.1268
G501_COMBO2_N4,91NBA02156,OP1,FrontFloodUDLCollectHIMAX,37.7245,0.2787,60.5055,0.1046
G501_COMBO2_N4,91NBA02156,OP1,FrontFloodUDLCollectHIMAX,37.829,0.2665,60.401,0.1045
G501_COMBO2_N4,91NBA02156,OP1,FrontFloodUDLCollectHIMAX,37.7245,0.278,60.5055,0.1045
G501_COMBO2_N4,91NBA02156,OP2,FrontFloodUDLCollectHIMAX,37.62,0.2794,60.61,0.1052
G501_COMBO2_N4,91NBA02156,OP2,FrontFloodUDLCollectHIMAX,37.7245,0.2807,60.5055,0.1051
G501_COMBO2_N4,91NBA02156,OP2,FrontFloodUDLCollectHIMAX,37.62,0.2634,60.401,0.1045
G501_COMBO2_N4,91NBA02156,OP3,FrontFloodUDLCollectHIMAX,37.829,0.2862,60.61,0.1072
G501_COMBO2_N4,91NBA02156,OP3,FrontFloodUDLCollectHIMAX,37.7245,0.2856,60.819,0.1096
G501_COMBO2_N4,91NBA02156,OP3,FrontFloodUDLCollectHIMAX,37.62,0.2874,60.61,0.1077
G501_COMBO2_N4,91NBA02201,OP1,FrontFloodUDLCollectHIMAX,38.038,0.3006,60.5055,0.1262
G501_COMBO2_N4,91NBA02201,OP1,FrontFloodUDLCollectHIMAX,38.1425,0.2927,60.401,0.1233
G501_COMBO2_N4,91NBA02201,OP1,FrontFloodUDLCollectHIMAX,38.038,0.2991,60.5055,0.1234
G501_COMBO2_N4,91NBA02201,OP2,FrontFloodUDLCollectHIMAX,38.038,0.2933,60.401,0.1246
G501_COMBO2_N4,91NBA02201,OP2,FrontFloodUDLCollectHIMAX,38.1425,0.2947,60.5055,0.1258
G501_COMBO2_N4,91NBA02201,OP2,FrontFloodUDLCollectHIMAX,38.1425,0.2975,60.61,0.1253
G501_COMBO2_N4,91NBA02201,OP3,FrontFloodUDLCollectHIMAX,37.7245,0.2811,60.2965,0.1182
G501_COMBO2_N4,91NBA02201,OP3,FrontFloodUDLCollectHIMAX,38.038,0.2892,60.192,0.1224
G501_COMBO2_N4,91NBA02201,OP3,FrontFloodUDLCollectHIMAX,37.9335,0.2952,60.2965,0.124
G501_COMBO2_N4,91NBA02219,OP1,FrontFloodUDLCollectHIMAX,37.829,0.2812,60.2965,0.1183
G501_COMBO2_N4,91NBA02219,OP1,FrontFloodUDLCollectHIMAX,37.829,0.2813,60.192,0.1187
G501_COMBO2_N4,91NBA02219,OP1,FrontFloodUDLCollectHIMAX,37.62,0.2839,59.983,0.1187
G501_COMBO2_N4,91NBA02219,OP2,FrontFloodUDLCollectHIMAX,37.7245,0.2846,60.401,0.119
G501_COMBO2_N4,91NBA02219,OP2,FrontFloodUDLCollectHIMAX,37.7245,0.2791,60.401,0.1151
G501_COMBO2_N4,91NBA02219,OP2,FrontFloodUDLCollectHIMAX,37.829,0.2789,60.192,0.1137
G501_COMBO2_N4,91NBA02219,OP3,FrontFloodUDLCollectHIMAX,37.7245,0.2811,60.192,0.1165
G501_COMBO2_N4,91NBA02219,OP3,FrontFloodUDLCollectHIMAX,37.7245,0.281,60.192,0.1156
G501_COMBO2_N4,91NBA02219,OP3,FrontFloodUDLCollectHIMAX,37.5155,0.2789,60.0875,0.1159
