Station,SN,Operator,Phase,flood_height_angle,flood_global_uniformity,flood_width_angle,flood_local_uniformity
G501_COMBO2_N1,91MBA01772,OP1,FrontFloodUDLCollectHIMAX,35.112,0.2575,56.9525,0.089
G501_COMBO2_N1,91MBA01772,OP1,FrontFloodUDLCollectHIMAX,35.0075,0.2577,56.848,0.0898
G501_COMBO2_N1,91MBA01772,OP1,FrontFloodUDLCollectHIMAX,34.7985,0.2544,57.057,0.0895
G501_COMBO2_N1,91MBA01772,OP2,FrontFloodUDLCollectHIMAX,34.694,0.2504,56.7435,0.086
G501_COMBO2_N1,91MBA01772,OP2,FrontFloodUDLCollectHIMAX,34.7985,0.2554,56.9525,0.0887
G501_COMBO2_N1,91MBA01772,OP2,FrontFloodUDLCollectHIMAX,35.321,0.2593,57.057,0.0936
G501_COMBO2_N1,91MBA01772,OP3,FrontFloodUDLCollectHIMAX,35.112,0.2614,56.9525,0.0897
G501_COMBO2_N1,91MBA01772,OP3,FrontFloodUDLCollectHIMAX,35.321,0.2629,56.9525,0.0912
G501_COMBO2_N1,91MBA01772,OP3,FrontFloodUDLCollectHIMAX,35.112,0.258,56.848,0.0889
G501_COMBO2_N1,91MBA01803,OP1,FrontFloodUDLCollectHIMAX,32.9175,0.2144,55.594,0.0621
G501_COMBO2_N1,91MBA01803,OP1,FrontFloodUDLCollectHIMAX,32.604,0.2012,55.2805,0.0628
G501_COMBO2_N1,91MBA01803,OP1,FrontFloodUDLCollectHIMAX,33.231,0.2163,55.385,0.062
G501_COMBO2_N1,91MBA01803,OP2,FrontFloodUDLCollectHIMAX,33.44,0.218,55.4895,0.0617
G501_COMBO2_N1,91MBA01803,OP2,FrontFloodUDLCollectHIMAX,33.5445,0.2109,55.6985,0.0613
G501_COMBO2_N1,91MBA01803,OP2,FrontFloodUDLCollectHIMAX,33.5445,0.2139,55.594,0.061
G501_COMBO2_N1,91MBA01803,OP3,FrontFloodUDLCollectHIMAX,33.1265,0.2181,55.385,0.0628
G501_COMBO2_N1,91MBA01803,OP3,FrontFloodUDLCollectHIMAX,32.9175,0.2127,55.4895,0.0636
G501_COMBO2_N1,91MBA01803,OP3,FrontFloodUDLCollectHIMAX,33.3355,0.2206,55.2805,0.0651
G501_COMBO2_N1,91MBA01805,OP1,FrontFloodUDLCollectHIMAX,35.4255,0.2307,55.176,0.0696
G501_COMBO2_N1,91MBA01805,OP1,FrontFloodUDLCollectHIMAX,35.4255,0.248,55.385,0.0743
G501_COMBO2_N1,91MBA01805,OP1,FrontFloodUDLCollectHIMAX,35.321,0.2423,55.385,0.0713
G501_COMBO2_N1,91MBA01805,OP2,FrontFloodUDLCollectHIMAX,34.5895,0.2248,54.967,0.0676
G501_COMBO2_N1,91MBA01805,OP2,FrontFloodUDLCollectHIMAX,34.7985,0.2239,54.758,0.0673
G501_COMBO2_N1,91MBA01805,OP2,FrontFloodUDLCollectHIMAX,34.694,0.2233,54.8625,0.0666
G501_COMBO2_N1,91MBA01805,OP3,FrontFloodUDLCollectHIMAX,35.0075,0.2274,54.758,0.0684
G501_COMBO2_N1,91MBA01805,OP3,FrontFloodUDLCollectHIMAX,35.0075,0.2285,55.176,0.0682
G501_COMBO2_N1,91MBA01805,OP3,FrontFloodUDLCollectHIMAX,35.2165,0.239,55.176,0.0705
G501_COMBO2_N1,91MBA01816,OP1,FrontFloodUDLCollectHIMAX,32.395,0.1911,55.2805,0.0628
G501_COMBO2_N1,91MBA01816,OP1,FrontFloodUDLCollectHIMAX,32.2905,0.1866,55.176,0.064
G501_COMBO2_N1,91MBA01816,OP1,FrontFloodUDLCollectHIMAX,31.768,0.1822,55.0715,0.0628
G501_COMBO2_N1,91MBA01816,OP2,FrontFloodUDLCollectHIMAX,31.6635,0.1691,54.0265,0.0668
G501_COMBO2_N1,91MBA01816,OP2,FrontFloodUDLCollectHIMAX,31.768,0.1757,55.0715,0.0655
G501_COMBO2_N1,91MBA01816,OP2,FrontFloodUDLCollectHIMAX,31.8725,0.1778,55.4895,0.065
G501_COMBO2_N1,91MBA01816,OP3,FrontFloodUDLCollectHIMAX,32.2905,0.1906,55.4895,0.0632
G501_COMBO2_N1,91MBA01816,OP3,FrontFloodUDLCollectHIMAX,31.977,0.1813,55.6985,0.0631
G501_COMBO2_N1,91MBA01816,OP3,FrontFloodUDLCollectHIMAX,32.186,0.1851,55.6985,0.0622
G501_COMBO2_N1,91MBA01824,OP1,FrontFloodUDLCollectHIMAX,32.186,0.1901,55.176,0.0666
G501_COMBO2_N1,91MBA01824,OP1,FrontFloodUDLCollectHIMAX,32.0815,0.1898,55.2805,0.0654
G501_COMBO2_N1,91MBA01824,OP1,FrontFloodUDLCollectHIMAX,32.2905,0.1935,55.4895,0.0684
G501_COMBO2_N1,91MBA01824,OP2,FrontFloodUDLCollectHIMAX,32.0815,0.1807,55.0715,0.0681
G501_COMBO2_N1,91MBA01824,OP2,FrontFloodUDLCollectHIMAX,32.0815,0.1798,55.0715,0.0672
G501_COMBO2_N1,91MBA01824,OP2,FrontFloodUDLCollectHIMAX,31.0365,0.1759,54.6535,0.0689
G501_COMBO2_N1,91MBA01824,OP3,FrontFloodUDLCollectHIMAX,31.559,0.1832,54.8625,0.0692
G501_COMBO2_N1,91MBA01824,OP3,FrontFloodUDLCollectHIMAX,31.559,0.1839,55.0715,0.0686
G501_COMBO2_N1,91MBA01824,OP3,FrontFloodUDLCollectHIMAX,32.0815,0.1842,55.176,0.0672
G501_COMBO2_N1,91MBA01828,OP1,FrontFloodUDLCollectHIMAX,32.2905,0.1761,54.0265,0.0694
G501_COMBO2_N1,91MBA01828,OP1,FrontFloodUDLCollectHIMAX,32.2905,0.1845,54.2355,0.0688
G501_COMBO2_N1,91MBA01828,OP1,FrontFloodUDLCollectHIMAX,32.0815,0.1772,53.8175,0.069
G501_COMBO2_N1,91MBA01828,OP2,FrontFloodUDLCollectHIMAX,32.395,0.1821,51.623,0.0699
G501_COMBO2_N1,91MBA01828,OP2,FrontFloodUDLCollectHIMAX,32.2905,0.1788,51.7275,0.0708
G501_COMBO2_N1,91MBA01828,OP2,FrontFloodUDLCollectHIMAX,31.977,0.1778,53.1905,0.0687
G501_COMBO2_N1,91MBA01828,OP3,FrontFloodUDLCollectHIMAX,32.186,0.1794,53.3995,0.0685
G501_COMBO2_N1,91MBA01828,OP3,FrontFloodUDLCollectHIMAX,32.186,0.1799,53.6085,0.0689
G501_COMBO2_N1,91MBA01828,OP3,FrontFloodUDLCollectHIMAX,32.2905,0.1737,53.713,0.0696
G501_COMBO2_N1,91NBA02091,OP1,FrontFloodUDLCollectHIMAX,34.485,0.2291,57.1615,0.0735
G501_COMBO2_N1,91NBA02091,OP1,FrontFloodUDLCollectHIMAX,34.485,0.221,57.1615,0.0707
G501_COMBO2_N1,91NBA02091,OP1,FrontFloodUDLCollectHIMAX,34.1715,0.227,57.057,0.0717
G501_COMBO2_N1,91NBA02091,OP2,FrontFloodUDLCollectHIMAX,33.44,0.2175,57.057,0.0694
G501_COMBO2_N1,91NBA02091,OP2,FrontFloodUDLCollectHIMAX,33.858,0.2219,56.9525,0.0697
G501_COMBO2_N1,91NBA02091,OP2,FrontFloodUDLCollectHIMAX,33.858,0.2241,56.9525,0.0714
G501_COMBO2_N1,91NBA02091,OP3,FrontFloodUDLCollectHIMAX,33.858,0.2215,56.848,0.0687
G501_COMBO2_N1,91NBA02091,OP3,FrontFloodUDLCollectHIMAX,34.3805,0.2433,57.3705,0.073
G501_COMBO2_N1,91NBA02091,OP3,FrontFloodUDLCollectHIMAX,34.485,0.2311,57.057,0.0731
G501_COMBO2_N1,91NBA02156,OP1,FrontFloodUDLCollectHIMAX,33.5445,0.2125,55.4895,0.0633
G501_COMBO2_N1,91NBA02156,OP1,FrontFloodUDLCollectHIMAX,33.3355,0.213,55.2805,0.0646
G501_COMBO2_N1,91NBA02156,OP1,FrontFloodUDLCollectHIMAX,32.9175,0.2003,55.0715,0.0655
G501_COMBO2_N1,91NBA02156,OP2,FrontFloodUDLCollectHIMAX,33.231,0.2151,55.2805,0.0613
G501_COMBO2_N1,91NBA02156,OP2,FrontFloodUDLCollectHIMAX,33.231,0.2151,55.385,0.0619
G501_COMBO2_N1,91NBA02156,OP2,FrontFloodUDLCollectHIMAX,32.9175,0.2115,55.2805,0.063
G501_COMBO2_N1,91NBA02156,OP3,FrontFloodUDLCollectHIMAX,32.604,0.2006,54.758,0.0636
G501_COMBO2_N1,91NBA02156,OP3,FrontFloodUDLCollectHIMAX,32.604,0.2025,54.758,0.0634
G501_COMBO2_N1,91NBA02156,OP3,FrontFloodUDLCollectHIMAX,33.5445,0.2121,55.4895,0.0636
G501_COMBO2_N1,91NBA02201,OP1,FrontFloodUDLCollectHIMAX,32.604,0.2112,57.057,0.0644
G501_COMBO2_N1,91NBA02201,OP1,FrontFloodUDLCollectHIMAX,32.9175,0.2057,56.9525,0.064
G501_COMBO2_N1,91NBA02201,OP1,FrontFloodUDLCollectHIMAX,32.395,0.196,56.7435,0.0636
G501_COMBO2_N1,91NBA02201,OP2,FrontFloodUDLCollectHIMAX,31.8725,0.1949,56.221,0.0644
G501_COMBO2_N1,91NBA02201,OP2,FrontFloodUDLCollectHIMAX,32.2905,0.1923,56.012,0.0653
G501_COMBO2_N1,91NBA02201,OP2,FrontFloodUDLCollectHIMAX,32.604,0.2011,56.7435,0.0649
G501_COMBO2_N1,91NBA02201,OP3,FrontFloodUDLCollectHIMAX,32.4995,0.2049,56.43,0.0645
G501_COMBO2_N1,91NBA02201,OP3,FrontFloodUDLCollectHIMAX,33.022,0.2057,56.848,0.0649
G501_COMBO2_N1,91NBA02201,OP3,FrontFloodUDLCollectHIMAX,32.813,0.2026,56.7435,0.0641
G501_COMBO2_N1,91NBA02219,OP1,FrontFloodUDLCollectHIMAX,33.022,0.2011,55.594,0.0642
G501_COMBO2_N1,91NBA02219,OP1,FrontFloodUDLCollectHIMAX,32.7085,0.1894,55.2805,0.0648
G501_COMBO2_N1,91NBA02219,OP1,FrontFloodUDLCollectHIMAX,32.2905,0.1794,55.176,0.0651
G501_COMBO2_N1,91NBA02219,OP2,FrontFloodUDLCollectHIMAX,32.604,0.1879,55.6985,0.0637
G501_COMBO2_N1,91NBA02219,OP2,FrontFloodUDLCollectHIMAX,32.9175,0.195,55.594,0.0637
G501_COMBO2_N1,91NBA02219,OP2,FrontFloodUDLCollectHIMAX,32.9175,0.203,55.4895,0.0639
G501_COMBO2_N1,91NBA02219,OP3,FrontFloodUDLCollectHIMAX,33.022,0.2036,55.9075,0.0648
G501_COMBO2_N1,91NBA02219,OP3,FrontFloodUDLCollectHIMAX,32.813,0.1944,55.594,0.0647
G501_COMBO2_N1,91NBA02219,OP3,FrontFloodUDLCollectHIMAX,32.813,0.1965,55.4895,0.0654
