Station,SN,Operator,Phase,defect_singlet,Dark_Shading_Min,defect_couplet,Dark_Shading_Max,Dark_Shading,defect_row,defect_cluster,defect_col
G501_COMBO3_N1,91MBA01772,OP1,FrontDarkUDRCollect,0.0,4.1686,0.0,5.3632,1.1946,0.3543,0.0,0.201
G501_COMBO3_N1,91MBA01772,OP1,FrontDarkUDRCollect,0.0,4.1405,0.0,5.3288,1.1883,0.3708,0.0,0.1913
G501_COMBO3_N1,91MBA01772,OP1,FrontDarkUDRCollect,0.0,4.1363,0.0,5.4225,1.2862,0.4331,0.0,0.2056
G501_COMBO3_N1,91MBA01772,OP2,FrontDarkUDRCollect,0.0,4.1509,0.0,5.4214,1.2706,0.4628,0.0,0.2096
G501_COMBO3_N1,91MBA01772,OP2,FrontDarkUDRCollect,0.0,4.2622,0.0,5.5109,1.2487,0.4528,0.0,0.1747
G501_COMBO3_N1,91MBA01772,OP2,FrontDarkUDRCollect,0.0,4.2872,0.0,5.4901,1.2029,0.3684,0.0,0.1578
G501_COMBO3_N1,91MBA01772,OP3,FrontDarkUDRCollect,0.0,4.1561,0.0,5.3767,1.2206,0.431,0.0,0.2236
G501_COMBO3_N1,91MBA01772,OP3,FrontDarkUDRCollect,0.0,4.1613,0.0,5.3361,1.1748,0.3777,0.0,0.2434
G501_COMBO3_N1,91MBA01772,OP3,FrontDarkUDRCollect,0.0,4.2674,0.0,5.4495,1.1821,0.4168,0.0,0.2559
G501_COMBO3_N1,91MBA01803,OP1,FrontDarkUDRCollect,0.0,4.1811,0.0,5.3798,1.1988,0.2944,0.0,0.2107
G501_COMBO3_N1,91MBA01803,OP1,FrontDarkUDRCollect,0.0,4.1197,0.0,5.2872,1.1675,0.3423,0.0,0.1897
G501_COMBO3_N1,91MBA01803,OP1,FrontDarkUDRCollect,0.0,4.0333,0.0,5.2008,1.1675,0.3287,0.0,0.2126
G501_COMBO3_N1,91MBA01803,OP2,FrontDarkUDRCollect,0.0,4.0978,0.0,5.3163,1.2185,0.4571,0.0,0.1966
G501_COMBO3_N1,91MBA01803,OP2,FrontDarkUDRCollect,0.0,4.18,0.0,5.3132,1.1332,0.4317,0.0,0.1926
G501_COMBO3_N1,91MBA01803,OP2,FrontDarkUDRCollect,0.0,4.0853,0.0,5.2966,1.2112,0.2763,0.0,0.2552
G501_COMBO3_N1,91MBA01803,OP3,FrontDarkUDRCollect,0.0,4.1009,0.0,5.2768,1.1759,0.3604,0.0,0.2138
G501_COMBO3_N1,91MBA01803,OP3,FrontDarkUDRCollect,0.0,4.0989,0.0,5.2945,1.1956,0.356,0.0,0.2168
G501_COMBO3_N1,91MBA01803,OP3,FrontDarkUDRCollect,0.0,4.1759,0.0,5.4069,1.231,0.3256,0.0,0.2456
G501_COMBO3_N1,91MBA01805,OP1,FrontDarkUDRCollect,0.0,4.0656,0.0,5.1904,1.1249,0.3684,0.0,0.2056
G501_COMBO3_N1,91MBA01805,OP1,FrontDarkUDRCollect,0.0,4.0146,0.0,5.1842,1.1696,0.3045,0.0,0.2543
G501_COMBO3_N1,91MBA01805,OP1,FrontDarkUDRCollect,0.0,4.153,0.0,5.3319,1.179,0.3263,0.0,0.1822
G501_COMBO3_N1,91MBA01805,OP2,FrontDarkUDRCollect,0.0,4.0489,0.0,5.1769,1.128,0.302,0.0,0.2348
G501_COMBO3_N1,91MBA01805,OP2,FrontDarkUDRCollect,0.0,4.0832,0.0,5.2414,1.1582,0.4101,0.0,0.2161
G501_COMBO3_N1,91MBA01805,OP2,FrontDarkUDRCollect,0.0,3.9563,0.0,5.154,1.1977,0.3573,0.0,0.2297
G501_COMBO3_N1,91MBA01805,OP3,FrontDarkUDRCollect,0.0,3.9469,0.0,5.0739,1.127,0.2599,0.0,0.2046
G501_COMBO3_N1,91MBA01805,OP3,FrontDarkUDRCollect,0.0,4.0219,0.0,5.1061,1.0843,0.3067,0.0,0.2089
G501_COMBO3_N1,91MBA01805,OP3,FrontDarkUDRCollect,0.0,4.076,0.0,5.1883,1.1124,0.4062,0.0,0.231
G501_COMBO3_N1,91MBA01816,OP1,FrontDarkUDRCollect,0.0,4.1311,0.0,5.2477,1.1165,0.4114,0.0,0.2052
G501_COMBO3_N1,91MBA01816,OP1,FrontDarkUDRCollect,0.0,4.128,0.0,5.2768,1.1488,0.3319,0.0,0.1753
G501_COMBO3_N1,91MBA01816,OP1,FrontDarkUDRCollect,0.0,4.1478,0.0,5.3039,1.1561,0.2789,0.0,0.2145
G501_COMBO3_N1,91MBA01816,OP2,FrontDarkUDRCollect,0.0,4.1134,0.0,5.2685,1.155,0.3094,0.0,0.216
G501_COMBO3_N1,91MBA01816,OP2,FrontDarkUDRCollect,0.0,4.1009,0.0,5.205,1.1041,0.4087,0.0,0.1969
G501_COMBO3_N1,91MBA01816,OP2,FrontDarkUDRCollect,0.0,4.1894,0.0,5.307,1.1176,0.335,0.0,0.1853
G501_COMBO3_N1,91MBA01816,OP3,FrontDarkUDRCollect,0.0,4.1655,0.0,5.3434,1.1779,0.3304,0.0,0.1681
G501_COMBO3_N1,91MBA01816,OP3,FrontDarkUDRCollect,0.0,4.1457,0.0,5.3195,1.1738,0.3404,0.0,0.2409
G501_COMBO3_N1,91MBA01816,OP3,FrontDarkUDRCollect,0.0,4.1519,0.0,5.2258,1.0739,0.3262,0.0,0.1936
G501_COMBO3_N1,91MBA01824,OP1,FrontDarkUDRCollect,0.0,4.1384,0.0,5.2726,1.1342,0.4223,0.0,0.1921
G501_COMBO3_N1,91MBA01824,OP1,FrontDarkUDRCollect,0.0,4.1883,0.0,5.2695,1.0812,0.3178,0.0,0.1557
G501_COMBO3_N1,91MBA01824,OP1,FrontDarkUDRCollect,0.0,4.0832,0.0,5.1852,1.102,0.3821,0.0,0.2301
G501_COMBO3_N1,91MBA01824,OP2,FrontDarkUDRCollect,0.0,4.1478,0.0,5.2404,1.0926,0.3363,0.0,0.2201
G501_COMBO3_N1,91MBA01824,OP2,FrontDarkUDRCollect,0.0,4.1426,0.0,5.2685,1.1259,0.3079,0.0,0.1893
G501_COMBO3_N1,91MBA01824,OP2,FrontDarkUDRCollect,0.0,4.1103,0.0,5.231,1.1207,0.3386,0.0,0.2108
G501_COMBO3_N1,91MBA01824,OP3,FrontDarkUDRCollect,0.0,4.1082,0.0,5.1634,1.0552,0.2956,0.0,0.2249
G501_COMBO3_N1,91MBA01824,OP3,FrontDarkUDRCollect,0.0,4.0416,0.0,5.1093,1.0676,0.2773,0.0,0.19
G501_COMBO3_N1,91MBA01824,OP3,FrontDarkUDRCollect,0.0,4.127,0.0,5.1998,1.0728,0.3598,0.0,0.1951
G501_COMBO3_N1,91MBA01828,OP1,FrontDarkUDRCollect,0.0,4.1093,0.0,5.307,1.1977,0.4054,0.0,0.1806
G501_COMBO3_N1,91MBA01828,OP1,FrontDarkUDRCollect,0.0,4.1894,0.0,5.3174,1.128,0.4016,0.0,0.2003
G501_COMBO3_N1,91MBA01828,OP1,FrontDarkUDRCollect,0.0,4.1478,0.0,5.2487,1.1009,0.4888,0.0,0.1811
G501_COMBO3_N1,91MBA01828,OP2,FrontDarkUDRCollect,0.0,4.2071,0.0,5.2976,1.0905,0.5834,0.0,0.156
G501_COMBO3_N1,91MBA01828,OP2,FrontDarkUDRCollect,0.0,4.1498,0.0,5.3018,1.1519,0.6395,0.0,0.1811
G501_COMBO3_N1,91MBA01828,OP2,FrontDarkUDRCollect,0.0,4.1717,0.0,5.2279,1.0562,0.3989,0.0,0.1797
G501_COMBO3_N1,91MBA01828,OP3,FrontDarkUDRCollect,0.0,4.0687,0.0,5.283,1.2144,0.4082,0.0,0.1948
G501_COMBO3_N1,91MBA01828,OP3,FrontDarkUDRCollect,0.0,4.0739,0.0,5.2362,1.1623,0.4137,0.0,0.1786
G501_COMBO3_N1,91MBA01828,OP3,FrontDarkUDRCollect,0.0,4.0583,0.0,5.2331,1.1748,0.5215,0.0,0.2171
G501_COMBO3_N1,91NBA02091,OP1,FrontDarkUDRCollect,0.0,4.1113,0.0,5.2872,1.1759,0.3634,0.0,0.1918
G501_COMBO3_N1,91NBA02091,OP1,FrontDarkUDRCollect,1.0,4.3684,0.0,5.051,0.6826,0.8908,0.0,0.3613
G501_COMBO3_N1,91NBA02091,OP1,FrontDarkUDRCollect,0.0,4.0125,0.0,5.1707,1.1582,0.4526,0.0,0.2044
G501_COMBO3_N1,91NBA02091,OP2,FrontDarkUDRCollect,0.0,4.1415,0.0,5.2924,1.1509,0.461,0.0,0.2409
G501_COMBO3_N1,91NBA02091,OP2,FrontDarkUDRCollect,0.0,4.1602,0.0,5.2758,1.1155,0.3896,0.0,0.2039
G501_COMBO3_N1,91NBA02091,OP2,FrontDarkUDRCollect,0.0,4.1165,0.0,5.2893,1.1727,0.3689,0.0,0.1966
G501_COMBO3_N1,91NBA02091,OP3,FrontDarkUDRCollect,0.0,4.0489,0.0,5.1571,1.1082,0.5326,0.0,0.1812
G501_COMBO3_N1,91NBA02091,OP3,FrontDarkUDRCollect,0.0,4.0957,0.0,5.1873,1.0916,0.3961,0.0,0.206
G501_COMBO3_N1,91NBA02091,OP3,FrontDarkUDRCollect,0.0,4.0427,0.0,5.1967,1.154,0.4078,0.0,0.2009
G501_COMBO3_N1,91NBA02156,OP1,FrontDarkUDRCollect,0.0,4.0271,0.0,5.2404,1.2133,0.4667,0.0,0.1908
G501_COMBO3_N1,91NBA02156,OP1,FrontDarkUDRCollect,0.0,4.0739,0.0,5.2685,1.1946,0.3378,0.0,0.2259
G501_COMBO3_N1,91NBA02156,OP1,FrontDarkUDRCollect,0.0,4.0198,0.0,5.1831,1.1634,0.4038,0.0,0.1747
G501_COMBO3_N1,91NBA02156,OP2,FrontDarkUDRCollect,0.0,4.0593,0.0,5.2175,1.1582,0.3709,0.0,0.2091
G501_COMBO3_N1,91NBA02156,OP2,FrontDarkUDRCollect,0.0,4.0624,0.0,5.2768,1.2144,0.3547,0.0,0.2233
G501_COMBO3_N1,91NBA02156,OP2,FrontDarkUDRCollect,0.0,4.0812,0.0,5.1883,1.1072,0.3908,0.0,0.157
G501_COMBO3_N1,91NBA02156,OP3,FrontDarkUDRCollect,0.0,4.0697,0.0,5.2768,1.2071,0.3448,0.0,0.1594
G501_COMBO3_N1,91NBA02156,OP3,FrontDarkUDRCollect,0.0,4.0604,0.0,5.2404,1.18,0.3646,0.0,0.1934
G501_COMBO3_N1,91NBA02156,OP3,FrontDarkUDRCollect,0.0,4.0531,0.0,5.1894,1.1363,0.3913,0.0,0.2095
G501_COMBO3_N1,91NBA02201,OP1,FrontDarkUDRCollect,1.0,4.3236,0.0,5.1103,0.7867,0.5188,0.0,0.3384
G501_COMBO3_N1,91NBA02201,OP1,FrontDarkUDRCollect,0.0,4.0499,0.0,5.0666,1.0166,0.3275,0.0,0.175
G501_COMBO3_N1,91NBA02201,OP1,FrontDarkUDRCollect,0.0,4.0229,0.0,5.0271,1.0042,0.4736,0.0,0.193
G501_COMBO3_N1,91NBA02201,OP2,FrontDarkUDRCollect,0.0,4.0166,0.0,5.0916,1.0749,0.4353,0.0,0.2361
G501_COMBO3_N1,91NBA02201,OP2,FrontDarkUDRCollect,0.0,4.0656,0.0,5.0822,1.0166,0.3306,0.0,0.1891
G501_COMBO3_N1,91NBA02201,OP2,FrontDarkUDRCollect,0.0,4.0687,0.0,5.1634,1.0947,0.3757,0.0,0.2048
G501_COMBO3_N1,91NBA02201,OP3,FrontDarkUDRCollect,0.0,4.0312,0.0,5.1217,1.0905,0.4664,0.0,0.1835
G501_COMBO3_N1,91NBA02201,OP3,FrontDarkUDRCollect,0.0,4.0635,0.0,5.1228,1.0593,0.3108,0.0,0.1695
G501_COMBO3_N1,91NBA02201,OP3,FrontDarkUDRCollect,0.0,4.0187,0.0,5.1925,1.1738,0.4175,0.0,0.2233
G501_COMBO3_N1,91NBA02219,OP1,FrontDarkUDRCollect,0.0,4.1634,0.0,5.3486,1.1852,0.4187,0.0,0.1858
G501_COMBO3_N1,91NBA02219,OP1,FrontDarkUDRCollect,0.0,4.1342,0.0,5.3923,1.2581,0.2839,0.0,0.1922
G501_COMBO3_N1,91NBA02219,OP1,FrontDarkUDRCollect,0.0,4.2383,0.0,5.4194,1.1811,0.3648,0.0,0.2436
G501_COMBO3_N1,91NBA02219,OP2,FrontDarkUDRCollect,0.0,4.1374,0.0,5.3715,1.2341,0.4766,0.0,0.1977
G501_COMBO3_N1,91NBA02219,OP2,FrontDarkUDRCollect,0.0,4.2352,0.0,5.4672,1.232,0.3717,0.0,0.1829
G501_COMBO3_N1,91NBA02219,OP2,FrontDarkUDRCollect,0.0,4.2341,0.0,5.4641,1.23,0.4848,0.0,0.1648
G501_COMBO3_N1,91NBA02219,OP3,FrontDarkUDRCollect,0.0,4.2425,0.0,5.4912,1.2487,0.3782,0.0,0.1806
G501_COMBO3_N1,91NBA02219,OP3,FrontDarkUDRCollect,0.0,4.1738,0.0,5.4069,1.2331,0.3199,0.0,0.2332
G501_COMBO3_N1,91NBA02219,OP3,FrontDarkUDRCollect,0.0,4.1675,0.0,5.3569,1.1894,0.4659,0.0,0.2161
