Station,SN,Operator,Phase,Capture_Status
G501_COMBO2_N1,91MBA01772,OP1,RearSfrTestMacroMovementAndCapture,True
G501_COMBO2_N1,91MBA01772,OP1,RearSfrTestMacroMovementAndCapture,True
G501_COMBO2_N1,91MBA01772,OP1,RearSfrTestMacroMovementAndCapture,True
G501_COMBO2_N1,91MBA01772,OP2,RearSfrTestMacroMovementAndCapture,True
G501_COMBO2_N1,91MBA01772,OP2,RearSfrTestMacroMovementAndCapture,True
G501_COMBO2_N1,91MBA01772,OP2,RearSfrTestMacroMovementAndCapture,True
G501_COMBO2_N1,91MBA01772,OP3,RearSfrTestMacroMovementAndCapture,True
G501_COMBO2_N1,91MBA01772,OP3,RearSfrTestMacroMovementAndCapture,True
G501_COMBO2_N1,91MBA01772,OP3,RearSfrTestMacroMovementAndCapture,True
G501_COMBO2_N1,91MBA01803,OP1,RearSfrTestMacroMovementAndCapture,True
G501_COMBO2_N1,91MBA01803,OP1,RearSfrTestMacroMovementAndCapture,True
G501_COMBO2_N1,91MBA01803,OP1,RearSfrTestMacroMovementAndCapture,True
G501_COMBO2_N1,91MBA01803,OP2,RearSfrTestMacroMovementAndCapture,True
G501_COMBO2_N1,91MBA01803,OP2,RearSfrTestMacroMovementAndCapture,True
G501_COMBO2_N1,91MBA01803,OP2,RearSfrTestMacroMovementAndCapture,True
G501_COMBO2_N1,91MBA01803,OP3,RearSfrTestMacroMovementAndCapture,True
G501_COMBO2_N1,91MBA01803,OP3,RearSfrTestMacroMovementAndCapture,True
G501_COMBO2_N1,91MBA01803,OP3,RearSfrTestMacroMovementAndCapture,True
G501_COMBO2_N1,91MBA01805,OP1,RearSfrTestMacroMovementAndCapture,True
G501_COMBO2_N1,91MBA01805,OP1,RearSfrTestMacroMovementAndCapture,True
G501_COMBO2_N1,91MBA01805,OP1,RearSfrTestMacroMovementAndCapture,True
G501_COMBO2_N1,91MBA01805,OP2,RearSfrTestMacroMovementAndCapture,True
G501_COMBO2_N1,91MBA01805,OP2,RearSfrTestMacroMovementAndCapture,True
G501_COMBO2_N1,91MBA01805,OP2,RearSfrTestMacroMovementAndCapture,True
G501_COMBO2_N1,91MBA01805,OP3,RearSfrTestMacroMovementAndCapture,True
G501_COMBO2_N1,91MBA01805,OP3,RearSfrTestMacroMovementAndCapture,True
G501_COMBO2_N1,91MBA01805,OP3,RearSfrTestMacroMovementAndCapture,True
G501_COMBO2_N1,91MBA01816,OP1,RearSfrTestMacroMovementAndCapture,True
G501_COMBO2_N1,91MBA01816,OP1,RearSfrTestMacroMovementAndCapture,True
G501_COMBO2_N1,91MBA01816,OP1,RearSfrTestMacroMovementAndCapture,True
G501_COMBO2_N1,91MBA01816,OP2,RearSfrTestMacroMovementAndCapture,True
G501_COMBO2_N1,91MBA01816,OP2,RearSfrTestMacroMovementAndCapture,True
G501_COMBO2_N1,91MBA01816,OP2,RearSfrTestMacroMovementAndCapture,True
G501_COMBO2_N1,91MBA01816,OP3,RearSfrTestMacroMovementAndCapture,True
G501_COMBO2_N1,91MBA01816,OP3,RearSfrTestMacroMovementAndCapture,True
G501_COMBO2_N1,91MBA01816,OP3,RearSfrTestMacroMovementAndCapture,True
G501_COMBO2_N1,91MBA01824,OP1,RearSfrTestMacroMovementAndCapture,True
G501_COMBO2_N1,91MBA01824,OP1,RearSfrTestMacroMovementAndCapture,True
G501_COMBO2_N1,91MBA01824,OP1,RearSfrTestMacroMovementAndCapture,True
G501_COMBO2_N1,91MBA01824,OP2,RearSfrTestMacroMovementAndCapture,True
G501_COMBO2_N1,91MBA01824,OP2,RearSfrTestMacroMovementAndCapture,True
G501_COMBO2_N1,91MBA01824,OP2,RearSfrTestMacroMovementAndCapture,True
G501_COMBO2_N1,91MBA01824,OP3,RearSfrTestMacroMovementAndCapture,True
G501_COMBO2_N1,91MBA01824,OP3,RearSfrTestMacroMovementAndCapture,True
G501_COMBO2_N1,91MBA01824,OP3,RearSfrTestMacroMovementAndCapture,True
G501_COMBO2_N1,91MBA01828,OP1,RearSfrTestMacroMovementAndCapture,True
G501_COMBO2_N1,91MBA01828,OP1,RearSfrTestMacroMovementAndCapture,True
G501_COMBO2_N1,91MBA01828,OP1,RearSfrTestMacroMovementAndCapture,True
G501_COMBO2_N1,91MBA01828,OP2,RearSfrTestMacroMovementAndCapture,True
G501_COMBO2_N1,91MBA01828,OP2,RearSfrTestMacroMovementAndCapture,True
G501_COMBO2_N1,91MBA01828,OP2,RearSfrTestMacroMovementAndCapture,True
G501_COMBO2_N1,91MBA01828,OP3,RearSfrTestMacroMovementAndCapture,True
G501_COMBO2_N1,91MBA01828,OP3,RearSfrTestMacroMovementAndCapture,True
G501_COMBO2_N1,91MBA01828,OP3,RearSfrTestMacroMovementAndCapture,True
G501_COMBO2_N1,91NBA02091,OP1,RearSfrTestMacroMovementAndCapture,True
G501_COMBO2_N1,91NBA02091,OP1,RearSfrTestMacroMovementAndCapture,True
G501_COMBO2_N1,91NBA02091,OP1,RearSfrTestMacroMovementAndCapture,True
G501_COMBO2_N1,91NBA02091,OP2,RearSfrTestMacroMovementAndCapture,True
G501_COMBO2_N1,91NBA02091,OP2,RearSfrTestMacroMovementAndCapture,True
G501_COMBO2_N1,91NBA02091,OP2,RearSfrTestMacroMovementAndCapture,True
G501_COMBO2_N1,91NBA02091,OP3,RearSfrTestMacroMovementAndCapture,True
G501_COMBO2_N1,91NBA02091,OP3,RearSfrTestMacroMovementAndCapture,True
G501_COMBO2_N1,91NBA02091,OP3,RearSfrTestMacroMovementAndCapture,True
G501_COMBO2_N1,91NBA02156,OP1,RearSfrTestMacroMovementAndCapture,True
G501_COMBO2_N1,91NBA02156,OP1,RearSfrTestMacroMovementAndCapture,True
G501_COMBO2_N1,91NBA02156,OP1,RearSfrTestMacroMovementAndCapture,True
G501_COMBO2_N1,91NBA02156,OP2,RearSfrTestMacroMovementAndCapture,True
G501_COMBO2_N1,91NBA02156,OP2,RearSfrTestMacroMovementAndCapture,True
G501_COMBO2_N1,91NBA02156,OP2,RearSfrTestMacroMovementAndCapture,True
G501_COMBO2_N1,91NBA02156,OP3,RearSfrTestMacroMovementAndCapture,True
G501_COMBO2_N1,91NBA02156,OP3,RearSfrTestMacroMovementAndCapture,True
G501_COMBO2_N1,91NBA02156,OP3,RearSfrTestMacroMovementAndCapture,True
G501_COMBO2_N1,91NBA02201,OP1,RearSfrTestMacroMovementAndCapture,True
G501_COMBO2_N1,91NBA02201,OP1,RearSfrTestMacroMovementAndCapture,True
G501_COMBO2_N1,91NBA02201,OP1,RearSfrTestMacroMovementAndCapture,True
G501_COMBO2_N1,91NBA02201,OP2,RearSfrTestMacroMovementAndCapture,True
G501_COMBO2_N1,91NBA02201,OP2,RearSfrTestMacroMovementAndCapture,True
G501_COMBO2_N1,91NBA02201,OP2,RearSfrTestMacroMovementAndCapture,True
G501_COMBO2_N1,91NBA02201,OP3,RearSfrTestMacroMovementAndCapture,True
G501_COMBO2_N1,91NBA02201,OP3,RearSfrTestMacroMovementAndCapture,True
G501_COMBO2_N1,91NBA02201,OP3,RearSfrTestMacroMovementAndCapture,True
G501_COMBO2_N1,91NBA02219,OP1,RearSfrTestMacroMovementAndCapture,True
G501_COMBO2_N1,91NBA02219,OP1,RearSfrTestMacroMovementAndCapture,True
G501_COMBO2_N1,91NBA02219,OP1,RearSfrTestMacroMovementAndCapture,True
G501_COMBO2_N1,91NBA02219,OP2,RearSfrTestMacroMovementAndCapture,True
G501_COMBO2_N1,91NBA02219,OP2,RearSfrTestMacroMovementAndCapture,True
G501_COMBO2_N1,91NBA02219,OP2,RearSfrTestMacroMovementAndCapture,True
G501_COMBO2_N1,91NBA02219,OP3,RearSfrTestMacroMovementAndCapture,True
G501_COMBO2_N1,91NBA02219,OP3,RearSfrTestMacroMovementAndCapture,True
G501_COMBO2_N1,91NBA02219,OP3,RearSfrTestMacroMovementAndCapture,True
