Station,SN,Operator,Phase,defect_singlet,Dark_Shading_Min,defect_couplet,Dark_Shading_Max,Dark_Shading,defect_row,defect_cluster,defect_col
G501_COMBO3_N2,91MBA01772,OP1,FrontDarkUDRCollect,0.0,4.2445,0.0,4.6691,0.4246,0.4286,0.0,0.2076
G501_COMBO3_N2,91MBA01772,OP1,FrontDarkUDRCollect,0.0,4.2383,0.0,4.6847,0.4464,0.463,0.0,0.1711
G501_COMBO3_N2,91MBA01772,OP1,FrontDarkUDRCollect,0.0,4.1779,0.0,4.5786,0.4006,0.4384,0.0,0.1958
G501_COMBO3_N2,91MBA01772,OP2,FrontDarkUDRCollect,0.0,4.3195,0.0,4.7544,0.435,0.4262,0.0,0.1677
G501_COMBO3_N2,91MBA01772,OP2,FrontDarkUDRCollect,0.0,4.1363,0.0,4.5536,0.4173,0.3823,0.0,0.243
G501_COMBO3_N2,91MBA01772,OP2,FrontDarkUDRCollect,0.0,4.0604,0.0,4.462,0.4017,0.4373,0.0,0.215
G501_COMBO3_N2,91MBA01772,OP3,FrontDarkUDRCollect,0.0,4.1696,0.0,4.6087,0.4391,0.4797,0.0,0.2309
G501_COMBO3_N2,91MBA01772,OP3,FrontDarkUDRCollect,0.0,4.1602,0.0,4.5827,0.4225,0.4133,0.0,0.2421
G501_COMBO3_N2,91MBA01772,OP3,FrontDarkUDRCollect,0.0,4.2112,0.0,4.667,0.4558,0.3314,0.0,0.1652
G501_COMBO3_N2,91MBA01803,OP1,FrontDarkUDRCollect,0.0,4.0989,0.0,4.4901,0.3913,0.4092,0.0,0.2257
G501_COMBO3_N2,91MBA01803,OP1,FrontDarkUDRCollect,0.0,4.1904,0.0,4.5682,0.3777,0.3166,0.0,0.2211
G501_COMBO3_N2,91MBA01803,OP1,FrontDarkUDRCollect,0.0,4.0864,0.0,4.4943,0.4079,0.4632,0.0,0.1878
G501_COMBO3_N2,91MBA01803,OP2,FrontDarkUDRCollect,0.0,4.1779,0.0,4.6056,0.4277,0.5259,0.0,0.2852
G501_COMBO3_N2,91MBA01803,OP2,FrontDarkUDRCollect,0.0,4.1093,0.0,4.5557,0.4464,0.3446,0.0,0.2072
G501_COMBO3_N2,91MBA01803,OP2,FrontDarkUDRCollect,0.0,4.1124,0.0,4.5307,0.4183,0.3769,0.0,0.2677
G501_COMBO3_N2,91MBA01803,OP3,FrontDarkUDRCollect,0.0,4.4089,0.0,5.1613,0.7523,0.4709,0.0,0.3897
G501_COMBO3_N2,91MBA01803,OP3,FrontDarkUDRCollect,0.0,4.1311,0.0,4.5265,0.3954,0.3702,0.0,0.2395
G501_COMBO3_N2,91MBA01803,OP3,FrontDarkUDRCollect,0.0,4.0187,0.0,4.3954,0.3767,0.3248,0.0,0.1975
G501_COMBO3_N2,91MBA01805,OP1,FrontDarkUDRCollect,0.0,4.0083,0.0,4.4693,0.461,0.2623,0.0,0.1926
G501_COMBO3_N2,91MBA01805,OP1,FrontDarkUDRCollect,0.0,4.0468,0.0,4.4839,0.437,0.3978,0.0,0.1988
G501_COMBO3_N2,91MBA01805,OP1,FrontDarkUDRCollect,0.0,4.0572,0.0,4.486,0.4287,0.3099,0.0,0.1947
G501_COMBO3_N2,91MBA01805,OP2,FrontDarkUDRCollect,0.0,4.0166,0.0,4.4225,0.4058,0.3226,0.0,0.1568
G501_COMBO3_N2,91MBA01805,OP2,FrontDarkUDRCollect,0.0,4.0104,0.0,4.436,0.4256,0.3098,0.0,0.2655
G501_COMBO3_N2,91MBA01805,OP2,FrontDarkUDRCollect,0.0,4.0666,0.0,4.538,0.4714,0.2959,0.0,0.1991
G501_COMBO3_N2,91MBA01805,OP3,FrontDarkUDRCollect,0.0,4.0437,0.0,4.5172,0.4735,0.3816,0.0,0.2579
G501_COMBO3_N2,91MBA01805,OP3,FrontDarkUDRCollect,0.0,3.9677,0.0,4.4464,0.4787,0.3623,0.0,0.2089
G501_COMBO3_N2,91MBA01805,OP3,FrontDarkUDRCollect,0.0,4.0229,0.0,4.4599,0.437,0.3006,0.0,0.2371
G501_COMBO3_N2,91MBA01816,OP1,FrontDarkUDRCollect,0.0,4.1061,0.0,4.5858,0.4797,0.3282,0.0,0.1723
G501_COMBO3_N2,91MBA01816,OP1,FrontDarkUDRCollect,0.0,4.1145,0.0,4.6046,0.4901,0.2388,0.0,0.181
G501_COMBO3_N2,91MBA01816,OP1,FrontDarkUDRCollect,0.0,4.0437,0.0,4.4984,0.4547,0.2992,0.0,0.1977
G501_COMBO3_N2,91MBA01816,OP2,FrontDarkUDRCollect,0.0,4.0968,0.0,4.6108,0.514,0.3299,0.0,0.2473
G501_COMBO3_N2,91MBA01816,OP2,FrontDarkUDRCollect,0.0,4.1322,0.0,4.5661,0.4339,0.3076,0.0,0.2108
G501_COMBO3_N2,91MBA01816,OP2,FrontDarkUDRCollect,0.0,4.0354,0.0,4.486,0.4506,0.3325,0.0,0.2199
G501_COMBO3_N2,91MBA01816,OP3,FrontDarkUDRCollect,0.0,4.1883,0.0,4.6681,0.4797,0.4531,0.0,0.1776
G501_COMBO3_N2,91MBA01816,OP3,FrontDarkUDRCollect,0.0,4.0676,0.0,4.487,0.4194,0.2901,0.0,0.1729
G501_COMBO3_N2,91MBA01816,OP3,FrontDarkUDRCollect,0.0,4.052,0.0,4.5702,0.5182,0.3225,0.0,0.2112
G501_COMBO3_N2,91MBA01824,OP1,FrontDarkUDRCollect,0.0,4.0479,0.0,4.4932,0.4454,0.3484,0.0,0.2116
G501_COMBO3_N2,91MBA01824,OP1,FrontDarkUDRCollect,0.0,4.1124,0.0,4.538,0.4256,0.3651,0.0,0.1923
G501_COMBO3_N2,91MBA01824,OP1,FrontDarkUDRCollect,0.0,4.0198,0.0,4.4308,0.411,0.3534,0.0,0.1943
G501_COMBO3_N2,91MBA01824,OP2,FrontDarkUDRCollect,0.0,4.0427,0.0,4.4485,0.4058,0.3162,0.0,0.1921
G501_COMBO3_N2,91MBA01824,OP2,FrontDarkUDRCollect,0.0,4.129,0.0,4.5161,0.3871,0.368,0.0,0.2204
G501_COMBO3_N2,91MBA01824,OP2,FrontDarkUDRCollect,0.0,4.0635,0.0,4.4683,0.4048,0.3715,0.0,0.2118
G501_COMBO3_N2,91MBA01824,OP3,FrontDarkUDRCollect,0.0,4.0874,0.0,4.5109,0.4235,0.3813,0.0,0.1861
G501_COMBO3_N2,91MBA01824,OP3,FrontDarkUDRCollect,0.0,4.0364,0.0,4.4558,0.4194,0.4395,0.0,0.1949
G501_COMBO3_N2,91MBA01824,OP3,FrontDarkUDRCollect,0.0,4.0843,0.0,4.5234,0.4391,0.3878,0.0,0.1777
G501_COMBO3_N2,91MBA01828,OP1,FrontDarkUDRCollect,0.0,4.076,0.0,4.5525,0.4766,0.394,0.0,0.1602
G501_COMBO3_N2,91MBA01828,OP1,FrontDarkUDRCollect,0.0,4.2144,0.0,4.6597,0.4454,0.4256,0.0,0.187
G501_COMBO3_N2,91MBA01828,OP1,FrontDarkUDRCollect,0.0,4.1644,0.0,4.6004,0.436,0.4691,0.0,0.1621
G501_COMBO3_N2,91MBA01828,OP2,FrontDarkUDRCollect,0.0,4.1145,0.0,4.5827,0.4683,0.5105,0.0,0.1833
G501_COMBO3_N2,91MBA01828,OP2,FrontDarkUDRCollect,0.0,4.1165,0.0,4.5245,0.4079,0.3628,0.0,0.1971
G501_COMBO3_N2,91MBA01828,OP2,FrontDarkUDRCollect,0.0,4.0728,0.0,4.487,0.4142,0.4122,0.0,0.1997
G501_COMBO3_N2,91MBA01828,OP3,FrontDarkUDRCollect,0.0,4.1165,0.0,4.6171,0.5005,0.4561,0.0,0.2107
G501_COMBO3_N2,91MBA01828,OP3,FrontDarkUDRCollect,0.0,4.1883,0.0,4.6316,0.4433,0.4991,0.0,0.2215
G501_COMBO3_N2,91MBA01828,OP3,FrontDarkUDRCollect,0.0,4.0489,0.0,4.5234,0.4745,0.4439,0.0,0.1523
G501_COMBO3_N2,91NBA02091,OP1,FrontDarkUDRCollect,0.0,4.1134,0.0,4.5036,0.3902,0.3877,0.0,0.1936
G501_COMBO3_N2,91NBA02091,OP1,FrontDarkUDRCollect,0.0,4.1103,0.0,4.4922,0.3819,0.3831,0.0,0.2268
G501_COMBO3_N2,91NBA02091,OP1,FrontDarkUDRCollect,0.0,4.1249,0.0,4.4912,0.3663,0.3819,0.0,0.2247
G501_COMBO3_N2,91NBA02091,OP2,FrontDarkUDRCollect,0.0,4.077,0.0,4.4901,0.4131,0.3301,0.0,0.1999
G501_COMBO3_N2,91NBA02091,OP2,FrontDarkUDRCollect,0.0,4.0531,0.0,4.4922,0.4391,0.554,0.0,0.2055
G501_COMBO3_N2,91NBA02091,OP2,FrontDarkUDRCollect,0.0,4.0791,0.0,4.4703,0.3913,0.4534,0.0,0.2586
G501_COMBO3_N2,91NBA02091,OP3,FrontDarkUDRCollect,0.0,4.0541,0.0,4.4974,0.4433,0.4345,0.0,0.1999
G501_COMBO3_N2,91NBA02091,OP3,FrontDarkUDRCollect,0.0,4.1155,0.0,4.5276,0.4121,0.371,0.0,0.2314
G501_COMBO3_N2,91NBA02091,OP3,FrontDarkUDRCollect,0.0,4.1197,0.0,4.5276,0.4079,0.3204,0.0,0.1997
G501_COMBO3_N2,91NBA02156,OP1,FrontDarkUDRCollect,0.0,4.052,0.0,4.5463,0.4943,0.3131,0.0,0.1826
G501_COMBO3_N2,91NBA02156,OP1,FrontDarkUDRCollect,0.0,4.1051,0.0,4.5838,0.4787,0.3136,0.0,0.2164
G501_COMBO3_N2,91NBA02156,OP1,FrontDarkUDRCollect,0.0,3.9407,0.0,4.4037,0.4631,0.2999,0.0,0.1919
G501_COMBO3_N2,91NBA02156,OP2,FrontDarkUDRCollect,0.0,4.0343,0.0,4.5619,0.5276,0.4955,0.0,0.2044
G501_COMBO3_N2,91NBA02156,OP2,FrontDarkUDRCollect,0.0,4.0219,0.0,4.5047,0.4828,0.3529,0.0,0.1828
G501_COMBO3_N2,91NBA02156,OP2,FrontDarkUDRCollect,0.0,4.0458,0.0,4.5047,0.4589,0.2892,0.0,0.1638
G501_COMBO3_N2,91NBA02156,OP3,FrontDarkUDRCollect,0.0,4.0042,0.0,4.4797,0.4755,0.2974,0.0,0.1964
G501_COMBO3_N2,91NBA02156,OP3,FrontDarkUDRCollect,0.0,4.0177,0.0,4.5578,0.5401,0.3493,0.0,0.25
G501_COMBO3_N2,91NBA02156,OP3,FrontDarkUDRCollect,0.0,4.0323,0.0,4.514,0.4818,0.3047,0.0,0.2122
G501_COMBO3_N2,91NBA02201,OP1,FrontDarkUDRCollect,0.0,4.1238,0.0,4.5557,0.4318,0.3648,0.0,0.2121
G501_COMBO3_N2,91NBA02201,OP1,FrontDarkUDRCollect,0.0,4.0198,0.0,4.4589,0.4391,0.423,0.0,0.1707
G501_COMBO3_N2,91NBA02201,OP1,FrontDarkUDRCollect,0.0,4.0219,0.0,4.4235,0.4017,0.2378,0.0,0.216
G501_COMBO3_N2,91NBA02201,OP2,FrontDarkUDRCollect,0.0,4.0323,0.0,4.4443,0.4121,0.3114,0.0,0.1875
G501_COMBO3_N2,91NBA02201,OP2,FrontDarkUDRCollect,0.0,4.001,0.0,4.4027,0.4017,0.3149,0.0,0.2465
G501_COMBO3_N2,91NBA02201,OP2,FrontDarkUDRCollect,0.0,3.9032,0.0,4.3455,0.4422,0.3801,0.0,0.174
G501_COMBO3_N2,91NBA02201,OP3,FrontDarkUDRCollect,0.0,4.0614,0.0,4.4953,0.4339,0.3591,0.0,0.2143
G501_COMBO3_N2,91NBA02201,OP3,FrontDarkUDRCollect,0.0,4.0531,0.0,4.5057,0.4527,0.3655,0.0,0.1678
G501_COMBO3_N2,91NBA02201,OP3,FrontDarkUDRCollect,0.0,4.0156,0.0,4.4787,0.4631,0.4279,0.0,0.216
G501_COMBO3_N2,91NBA02219,OP1,FrontDarkUDRCollect,0.0,4.0874,0.0,4.6098,0.5224,0.3465,0.0,0.1768
G501_COMBO3_N2,91NBA02219,OP1,FrontDarkUDRCollect,0.0,4.1769,0.0,4.6056,0.4287,0.3442,0.0,0.1855
G501_COMBO3_N2,91NBA02219,OP1,FrontDarkUDRCollect,0.0,4.0687,0.0,4.564,0.4953,0.3858,0.0,0.1876
G501_COMBO3_N2,91NBA02219,OP2,FrontDarkUDRCollect,0.0,4.1727,0.0,4.6296,0.4568,0.3171,0.0,0.1874
G501_COMBO3_N2,91NBA02219,OP2,FrontDarkUDRCollect,0.0,4.1467,0.0,4.5817,0.435,0.3732,0.0,0.2111
G501_COMBO3_N2,91NBA02219,OP2,FrontDarkUDRCollect,0.0,4.2123,0.0,4.6649,0.4527,0.3117,0.0,0.2098
G501_COMBO3_N2,91NBA02219,OP3,FrontDarkUDRCollect,0.0,4.2175,0.0,4.666,0.4485,0.3133,0.0,0.2462
G501_COMBO3_N2,91NBA02219,OP3,FrontDarkUDRCollect,0.0,4.1759,0.0,4.5921,0.4162,0.4216,0.0,0.1854
G501_COMBO3_N2,91NBA02219,OP3,FrontDarkUDRCollect,0.0,4.0926,0.0,4.5297,0.437,0.4235,0.0,0.1793
