Station,SN,Operator,Phase,defect_singlet,Dark_Shading_Min,defect_couplet,Dark_Shading_Max,Dark_Shading,defect_row,defect_cluster,defect_col
G501_COMBO3_N4,91MBA01772,OP1,FrontDarkUDLCollect,0.0,4.2497,0.0,4.6285,0.3788,0.4259,0.0,0.2443
G501_COMBO3_N4,91MBA01772,OP1,FrontDarkUDLCollect,0.0,4.2383,0.0,4.6275,0.3892,0.3246,0.0,0.2116
G501_COMBO3_N4,91MBA01772,OP1,FrontDarkUDLCollect,0.0,4.1176,0.0,4.5942,0.4766,0.3359,0.0,0.2311
G501_COMBO3_N4,91MBA01772,OP2,FrontDarkUDLCollect,0.0,4.1738,0.0,4.5838,0.41,0.4108,0.0,0.3147
G501_COMBO3_N4,91MBA01772,OP2,FrontDarkUDLCollect,0.0,4.1228,0.0,4.5505,0.4277,0.365,0.0,0.2676
G501_COMBO3_N4,91MBA01772,OP2,FrontDarkUDLCollect,0.0,4.155,0.0,4.5172,0.3621,0.4976,0.0,0.2594
G501_COMBO3_N4,91MBA01772,OP3,FrontDarkUDLCollect,0.0,4.1727,0.0,4.6108,0.4381,0.479,0.0,0.241
G501_COMBO3_N4,91MBA01772,OP3,FrontDarkUDLCollect,0.0,4.1072,0.0,4.5609,0.4537,0.3816,0.0,0.1823
G501_COMBO3_N4,91MBA01772,OP3,FrontDarkUDLCollect,0.0,4.1342,0.0,4.5702,0.436,0.3744,0.0,0.2105
G501_COMBO3_N4,91MBA01803,OP1,FrontDarkUDLCollect,0.0,4.2092,0.0,4.6733,0.4641,0.4004,0.0,0.354
G501_COMBO3_N4,91MBA01803,OP1,FrontDarkUDLCollect,0.0,4.3049,0.0,4.719,0.4142,0.3674,0.0,0.2594
G501_COMBO3_N4,91MBA01803,OP1,FrontDarkUDLCollect,0.0,4.2456,0.0,4.641,0.3954,0.3654,0.0,0.3206
G501_COMBO3_N4,91MBA01803,OP2,FrontDarkUDLCollect,0.0,4.2154,0.0,4.6649,0.4495,0.4193,0.0,0.291
G501_COMBO3_N4,91MBA01803,OP2,FrontDarkUDLCollect,0.0,4.2955,0.0,4.6909,0.3954,0.3986,0.0,0.199
G501_COMBO3_N4,91MBA01803,OP2,FrontDarkUDLCollect,0.0,4.1759,0.0,4.5796,0.4037,0.4632,0.0,0.3673
G501_COMBO3_N4,91MBA01803,OP3,FrontDarkUDLCollect,0.0,4.232,0.0,4.6774,0.4454,0.3843,0.0,0.3712
G501_COMBO3_N4,91MBA01803,OP3,FrontDarkUDLCollect,0.0,4.2841,0.0,4.7419,0.4579,0.3374,0.0,0.3482
G501_COMBO3_N4,91MBA01803,OP3,FrontDarkUDLCollect,0.0,4.2841,0.0,4.7357,0.4516,0.398,0.0,0.4048
G501_COMBO3_N4,91MBA01805,OP1,FrontDarkUDLCollect,0.0,4.0312,0.0,4.4631,0.4318,0.4353,0.0,0.1647
G501_COMBO3_N4,91MBA01805,OP1,FrontDarkUDLCollect,0.0,4.1228,0.0,4.5255,0.4027,0.3937,0.0,0.2021
G501_COMBO3_N4,91MBA01805,OP1,FrontDarkUDLCollect,0.0,4.0489,0.0,4.4724,0.4235,0.3322,0.0,0.1882
G501_COMBO3_N4,91MBA01805,OP2,FrontDarkUDLCollect,0.0,4.0385,0.0,4.4558,0.4173,0.3076,0.0,0.2294
G501_COMBO3_N4,91MBA01805,OP2,FrontDarkUDLCollect,0.0,4.1675,0.0,4.6077,0.4402,0.4359,0.0,0.1896
G501_COMBO3_N4,91MBA01805,OP2,FrontDarkUDLCollect,0.0,4.1238,0.0,4.5702,0.4464,0.3505,0.0,0.1832
G501_COMBO3_N4,91MBA01805,OP3,FrontDarkUDLCollect,0.0,4.1759,0.0,4.6191,0.4433,0.3812,0.0,0.218
G501_COMBO3_N4,91MBA01805,OP3,FrontDarkUDLCollect,0.0,4.0884,0.0,4.5286,0.4402,0.3929,0.0,0.1924
G501_COMBO3_N4,91MBA01805,OP3,FrontDarkUDLCollect,0.0,4.1051,0.0,4.5338,0.4287,0.3733,0.0,0.2077
G501_COMBO3_N4,91MBA01816,OP1,FrontDarkUDLCollect,0.0,4.2092,0.0,4.5911,0.3819,0.372,0.0,0.2009
G501_COMBO3_N4,91MBA01816,OP1,FrontDarkUDLCollect,0.0,4.1863,0.0,4.6212,0.435,0.3251,0.0,0.2042
G501_COMBO3_N4,91MBA01816,OP1,FrontDarkUDLCollect,0.0,4.2289,0.0,4.7034,0.4745,0.3702,0.0,0.1987
G501_COMBO3_N4,91MBA01816,OP2,FrontDarkUDLCollect,0.0,4.1717,0.0,4.5734,0.4017,0.3303,0.0,0.1647
G501_COMBO3_N4,91MBA01816,OP2,FrontDarkUDLCollect,1.0,4.1998,0.0,4.641,0.4412,0.3493,0.0,0.1862
G501_COMBO3_N4,91MBA01816,OP2,FrontDarkUDLCollect,0.0,4.2477,0.0,4.6608,0.4131,0.3879,0.0,0.1957
G501_COMBO3_N4,91MBA01816,OP3,FrontDarkUDLCollect,0.0,4.1727,0.0,4.5515,0.3788,0.3067,0.0,0.1908
G501_COMBO3_N4,91MBA01816,OP3,FrontDarkUDLCollect,0.0,4.1707,0.0,4.5463,0.3757,0.3494,0.0,0.2582
G501_COMBO3_N4,91MBA01816,OP3,FrontDarkUDLCollect,0.0,4.1145,0.0,4.5442,0.4298,0.399,0.0,0.182
G501_COMBO3_N4,91MBA01824,OP1,FrontDarkUDLCollect,0.0,3.9886,0.0,4.4412,0.4527,0.3032,0.0,0.251
G501_COMBO3_N4,91MBA01824,OP1,FrontDarkUDLCollect,0.0,4.0375,0.0,4.564,0.5265,0.3415,0.0,0.229
G501_COMBO3_N4,91MBA01824,OP1,FrontDarkUDLCollect,1.0,4.0947,0.0,4.5369,0.4422,0.3606,0.0,0.2663
G501_COMBO3_N4,91MBA01824,OP2,FrontDarkUDLCollect,0.0,4.0999,0.0,4.6025,0.5026,0.3705,0.0,0.2109
G501_COMBO3_N4,91MBA01824,OP2,FrontDarkUDLCollect,1.0,4.1426,0.0,4.5692,0.4266,0.4133,0.0,0.2876
G501_COMBO3_N4,91MBA01824,OP2,FrontDarkUDLCollect,0.0,4.052,0.0,4.5151,0.4631,0.336,0.0,0.3168
G501_COMBO3_N4,91MBA01824,OP3,FrontDarkUDLCollect,0.0,4.129,0.0,4.5734,0.4443,0.4462,0.0,0.315
G501_COMBO3_N4,91MBA01824,OP3,FrontDarkUDLCollect,1.0,4.0676,0.0,4.5317,0.4641,0.4305,0.0,0.2831
G501_COMBO3_N4,91MBA01824,OP3,FrontDarkUDLCollect,1.0,4.0073,0.0,4.4527,0.4454,0.3373,0.0,0.2617
G501_COMBO3_N4,91MBA01828,OP1,FrontDarkUDLCollect,0.0,3.9032,0.0,4.3039,0.4006,0.2917,0.0,0.2008
G501_COMBO3_N4,91MBA01828,OP1,FrontDarkUDLCollect,0.0,3.8554,0.0,4.2778,0.4225,0.3566,0.0,0.1858
G501_COMBO3_N4,91MBA01828,OP1,FrontDarkUDLCollect,0.0,3.9292,0.0,4.3007,0.3715,0.3387,0.0,0.2102
G501_COMBO3_N4,91MBA01828,OP2,FrontDarkUDLCollect,0.0,3.9376,0.0,4.2872,0.3496,0.2852,0.0,0.1686
G501_COMBO3_N4,91MBA01828,OP2,FrontDarkUDLCollect,0.0,4.0187,0.0,4.3871,0.3684,0.4111,0.0,0.201
G501_COMBO3_N4,91MBA01828,OP2,FrontDarkUDLCollect,0.0,3.9386,0.0,4.3382,0.3996,0.2754,0.0,0.173
G501_COMBO3_N4,91MBA01828,OP3,FrontDarkUDLCollect,0.0,3.9584,0.0,4.3091,0.3507,0.2829,0.0,0.177
G501_COMBO3_N4,91MBA01828,OP3,FrontDarkUDLCollect,0.0,3.9521,0.0,4.3049,0.3528,0.3282,0.0,0.1839
G501_COMBO3_N4,91MBA01828,OP3,FrontDarkUDLCollect,0.0,3.9168,0.0,4.3267,0.41,0.3934,0.0,0.1921
G501_COMBO3_N4,91NBA02091,OP1,FrontDarkUDLCollect,0.0,3.9823,0.0,4.4443,0.462,0.3777,0.0,0.2134
G501_COMBO3_N4,91NBA02091,OP1,FrontDarkUDLCollect,0.0,4.0042,0.0,4.4298,0.4256,0.3745,0.0,0.2521
G501_COMBO3_N4,91NBA02091,OP1,FrontDarkUDLCollect,0.0,4.0937,0.0,4.5286,0.435,0.348,0.0,0.193
G501_COMBO3_N4,91NBA02091,OP2,FrontDarkUDLCollect,0.0,3.9969,0.0,4.4901,0.4932,0.4344,0.0,0.2461
G501_COMBO3_N4,91NBA02091,OP2,FrontDarkUDLCollect,0.0,3.9781,0.0,4.4589,0.4807,0.2886,0.0,0.1915
G501_COMBO3_N4,91NBA02091,OP2,FrontDarkUDLCollect,0.0,3.9469,0.0,4.3881,0.4412,0.4365,0.0,0.1984
G501_COMBO3_N4,91NBA02091,OP3,FrontDarkUDLCollect,0.0,3.9563,0.0,4.4162,0.4599,0.3559,0.0,0.1865
G501_COMBO3_N4,91NBA02091,OP3,FrontDarkUDLCollect,0.0,3.949,0.0,4.3715,0.4225,0.3388,0.0,0.1674
G501_COMBO3_N4,91NBA02091,OP3,FrontDarkUDLCollect,0.0,4.0281,0.0,4.462,0.4339,0.3886,0.0,0.2171
G501_COMBO3_N4,91NBA02156,OP1,FrontDarkUDLCollect,0.0,3.9781,0.0,4.435,0.4568,0.3495,0.0,0.2122
G501_COMBO3_N4,91NBA02156,OP1,FrontDarkUDLCollect,0.0,4.0614,0.0,4.4828,0.4214,0.3367,0.0,0.1741
G501_COMBO3_N4,91NBA02156,OP1,FrontDarkUDLCollect,0.0,3.9854,0.0,4.4318,0.4464,0.2968,0.0,0.2066
G501_COMBO3_N4,91NBA02156,OP2,FrontDarkUDLCollect,0.0,3.9886,0.0,4.4599,0.4714,0.3277,0.0,0.19
G501_COMBO3_N4,91NBA02156,OP2,FrontDarkUDLCollect,0.0,4.0801,0.0,4.5078,0.4277,0.4112,0.0,0.2475
G501_COMBO3_N4,91NBA02156,OP2,FrontDarkUDLCollect,0.0,4.0114,0.0,4.4298,0.4183,0.3532,0.0,0.2143
G501_COMBO3_N4,91NBA02156,OP3,FrontDarkUDLCollect,0.0,4.0333,0.0,4.4912,0.4579,0.3133,0.0,0.2036
G501_COMBO3_N4,91NBA02156,OP3,FrontDarkUDLCollect,0.0,4.0697,0.0,4.4464,0.3767,0.2907,0.0,0.1784
G501_COMBO3_N4,91NBA02156,OP3,FrontDarkUDLCollect,0.0,4.0031,0.0,4.436,0.4329,0.3384,0.0,0.2573
G501_COMBO3_N4,91NBA02201,OP1,FrontDarkUDLCollect,0.0,3.9771,0.0,4.4506,0.4735,0.4428,0.0,0.3413
G501_COMBO3_N4,91NBA02201,OP1,FrontDarkUDLCollect,0.0,3.9646,0.0,4.4131,0.4485,0.4133,0.0,0.3432
G501_COMBO3_N4,91NBA02201,OP1,FrontDarkUDLCollect,0.0,3.9677,0.0,4.4485,0.4807,0.5051,0.0,0.3195
G501_COMBO3_N4,91NBA02201,OP2,FrontDarkUDLCollect,0.0,3.9105,0.0,4.3496,0.4391,0.4746,0.0,0.2487
G501_COMBO3_N4,91NBA02201,OP2,FrontDarkUDLCollect,0.0,3.9532,0.0,4.4256,0.4724,0.3674,0.0,0.2156
G501_COMBO3_N4,91NBA02201,OP2,FrontDarkUDLCollect,0.0,4.0166,0.0,4.4683,0.4516,0.4521,0.0,0.2819
G501_COMBO3_N4,91NBA02201,OP3,FrontDarkUDLCollect,0.0,3.9625,0.0,4.3996,0.437,0.3912,0.0,0.2332
G501_COMBO3_N4,91NBA02201,OP3,FrontDarkUDLCollect,0.0,3.8918,0.0,4.3777,0.486,0.3873,0.0,0.3944
G501_COMBO3_N4,91NBA02201,OP3,FrontDarkUDLCollect,0.0,3.9719,0.0,4.4631,0.4912,0.4119,0.0,0.2699
G501_COMBO3_N4,91NBA02219,OP1,FrontDarkUDLCollect,0.0,4.1925,0.0,4.6316,0.4391,0.4496,0.0,0.2306
G501_COMBO3_N4,91NBA02219,OP1,FrontDarkUDLCollect,1.0,4.1582,0.0,4.5463,0.3881,0.4051,0.0,0.2007
G501_COMBO3_N4,91NBA02219,OP1,FrontDarkUDLCollect,1.0,4.1998,0.0,4.6431,0.4433,0.4323,0.0,0.1737
G501_COMBO3_N4,91NBA02219,OP2,FrontDarkUDLCollect,1.0,4.025,0.0,4.4714,0.4464,0.3063,0.0,0.1966
G501_COMBO3_N4,91NBA02219,OP2,FrontDarkUDLCollect,1.0,4.1946,0.0,4.641,0.4464,0.3329,0.0,0.1952
G501_COMBO3_N4,91NBA02219,OP2,FrontDarkUDLCollect,1.0,4.0708,0.0,4.5297,0.4589,0.4672,0.0,0.222
G501_COMBO3_N4,91NBA02219,OP3,FrontDarkUDLCollect,1.0,4.1363,0.0,4.563,0.4266,0.3354,0.0,0.2214
G501_COMBO3_N4,91NBA02219,OP3,FrontDarkUDLCollect,1.0,4.1644,0.0,4.6223,0.4579,0.4209,0.0,0.1678
G501_COMBO3_N4,91NBA02219,OP3,FrontDarkUDLCollect,1.0,4.1748,0.0,4.5786,0.4037,0.4843,0.0,0.1997
